company_name,industry_type
기아자동차,"승용차 및 기타 여객용 자동차 제조업,자동차 신품 판매업,자동차 전문 수리업,자동차 수리 및 세차업,자동차 종합 수리업"
에이스원격평생교육원,
대림산업,"지주회사,그 외 자동차용 신품 부품 제조업,합성수지 및 기타 플라스틱 물질 제조업,용달 화물자동차 운송업,"
Financial Company,
SH공사,"기타 부동산 개발 및 공급업,내부 통신배선 공사업,내부 전기배선 공사업,건축·설비·환경,전기용 기계.장비 및 관련 기자재 도매업"
KG이니시스,응용 소프트웨어 개발 및 공급업
태진에프티,그 외 기타 기계 및 장비 도매업
IBK기업은행,"국내은행,은행·금융,노동조합"
롯데백화점,"백화점,백화점·유통·도소매,,음식료·외식·프랜차이즈"
에이브랜드,
천재교육,"교과서 및 학습서적 출판업,학원·어학원·교육원,서적, 잡지 및 기타 인쇄물 도매업,유아·유치원·어린이집,,백화점·유통·도소매,출판·인쇄·사진,생활용 포장ㆍ위생용품, 문구용품 및 출판 인쇄물 도매업"
CJ제일제당,"설탕 제조업,제약·보건·바이오,,기타 가공식품 도매업,조리 반찬류 소매업,백화점·유통·도소매,빵류, 과자류, 당류, 초콜릿 도매업"
일진그룹,"전기·전자·제어,지주회사"
파리바게트,"제과점업,기타 간이 음식점업,음식료·외식·프랜차이즈,"
유창건설,"건설용 석재 채굴 및 쇄석 생산업,단독 주택 건설업,콘크리트 및 철근 공사업,건설·시공·토목·조경,그 외 기타 달리 분류되지 않은 제품 제조업,건설ㆍ광업용 기계 및 장비 도매업,토공사업"
크라운제과,"과자류 및 코코아 제품 제조업,백화점·유통·도소매,생활용품·소비재·기타,식품가공"
조인,"식품가공,자동차·조선·철강·항공,상품 종합 도매업,금속·재료·자재,그 외 기타 전자부품 제조업,IT컨설팅,응용 소프트웨어 개발 및 공급업,,건설·시공·토목·조경,기타 1차 비철금속 제조업"
삼천리카보텍,
서울사이버대학교,"학교(초·중·고·대학·특수),학원·어학원·교육원,공기업·공공기관"
오비맥주,"맥아 및 맥주 제조업,"
광전자,"전기·전자·제어,그 외 기타 전자부품 제조업,자동차용 신품 전기장치 제조업,내부 통신배선 공사업,물질 검사, 측정 및 분석기구 제조업,전문가 단체,반도체·디스플레이·광학,시스템 소프트웨어 개발 및 공급업,기타 반도체소자 제조업"
아워홈,",음식료·외식·프랜차이즈,호텔·여행·항공,식품가공"
현대제철,"제철업,스포츠·여가·레저,기계·기계설비,금속·재료·자재,건축·설비·환경"
LG화학,"합성수지 및 기타 플라스틱 물질 제조업,석탄화학계 화합물 및 기타 기초 유기 화학물질 제조업,,기계·기계설비,금속·재료·자재,백화점·유통·도소매,플라스틱물질 및 합성고무 도매업"
한국전력공사,"화력 발전업,그 외 기타 전자부품 제조업,일반전기 공사업,컴퓨터·하드웨어·장비,기타 엔지니어링 서비스업,송전 및 배전업"
동양생명,"고용 알선업,생명 보험업"
콘티넨탈 오토모티브 일렉트로닉스,그 외 자동차용 신품 부품 제조업
신세계면세점,백화점·유통·도소매
MBC 플레이비,"유원지 및 테마파크 운영업,"
BGF푸드,
투레빗,
ABC마트코리아,"신발 도매업,백화점·유통·도소매"
인크루트,
DK,"반도체·디스플레이·광학,방송 프로그램 제작업,건물 및 토목 엔지니어링 서비스업,무역·상사,학원·어학원·교육원,기타 가공식품 도매업,,합성수지 및 기타 플라스틱 물질 제조업,화장품 및 화장용품 도매업"
KPR,"광고·홍보·전시,광고 대행업,임시 및 일용 인력 공급업"
현대자동차,"승용차 및 기타 여객용 자동차 제조업,자동차 신품 판매업,자동차 종합 수리업,자동차 전문 수리업,"
삼립식품,"빵류 제조업,임시 및 일용 인력 공급업"
<자기소개서>,"교육관련 자문 및 평가업,학원·어학원·교육원,서치펌·헤드헌팅"
광주과학기술연구원,
DVS코리아,
중소기업중앙회,"공기업·공공기관,협회·단체"
한미약품,제약·보건·바이오
KBS,"방송 프로그램 제작업,프로그램 공급업,지상파 방송업,전기·전자·제어,건설·시공·토목·조경"
재외동포재단,"산업 단체,그 외 기타 협회 및 단체"
한샘,생활용 가구 도매업
한솔교육,"방문 교육 학원,고용 알선업"
두산인프라코어,"물류·운송·배송,건설 및 채광용 기계장비 제조업,그 외 기타 전기장비 제조업"
효성,"콜센터 및 텔레마케팅 서비스업,콜센터·아웃소싱·기타,사무용 기계 및 장비 제조업,자동차 신품 판매업,지주회사,토목시설물 건설업"
DHL,"화물운송 중개, 대리 및 관련 서비스업,물류·운송·배송"
유니온상호저축은행,
GS리테일 800자,
MG새마을금고 직원공개경쟁채용,
CJ오쇼핑,"은행·금융,백화점·유통·도소매,고용 알선업,기타 통신 판매업,방송·케이블·프로덕션"
중소기업진흥공단,"기타 1차 비철금속 제조업,쇼핑몰·오픈마켓·소셜커머스,솔루션·SI·CRM·ERP"
롯데마트,"백화점·유통·도소매,,음식료·외식·프랜차이즈,컴퓨터·하드웨어·장비,피자, 햄버거, 샌드위치 및 유사 음식점업"
씨트리,
코엑스몰,"인형, 장난감 및 오락용품 제조업,,백화점·유통·도소매"
BGF리테일,"체인화 편의점,지주회사,백화점·유통·도소매"
현대오일뱅크,"액체연료 및 관련제품 도매업,원유 정제처리업,화학·에너지·환경,위험물품 보관업,백화점·유통·도소매"
주식회사 용산,
GS리테일,"백화점·유통·도소매,체인화 편의점"
현대중공업,"기타 선박 건조업,사업시설 유지.관리 서비스업,원유 정제처리업,스포츠 클럽 운영업,액체 펌프 제조업,산업용 난방보일러 및 방열기 제조업,컴퓨터·하드웨어·장비,자동차·조선·철강·항공"
한미홀딩스,경영 컨설팅업
아이디어키,광고·홍보·전시
이니텍,시스템 소프트웨어 개발 및 공급업
이랜드 시스템즈,
한국지능형교통체계협회,기타 인문 및 사회과학 연구개발업
우신솔라테크,
LG전자,"상품 종합 중개업,이동전화기 제조업,전기·전자·제어,백화점·유통·도소매"
한국폴리텍대학,"음식료·외식·프랜차이즈,,학교(초·중·고·대학·특수),공기업·공공기관,기타 공학 연구개발업,협회·단체,기타 전문 서비스업,그 외 기타 협회 및 단체"
피드윌,
하나은행,"부동산 임대업,국내은행,,은행·금융"
동원그룹,"지주회사,식품가공"
우체국금융,"그 외 기타 금융 지원 서비스업,택배업"
이랜드,"단독 주택 건설업,근무복, 작업복 및 유사의복 제조업,백화점,비주거용 건물 개발 및 공급업,쇼핑몰·오픈마켓·소셜커머스,휴양콘도 운영업,기타 비알코올 음료 제조업,그 외 기타 협회 및 단체"
건설공제조합,"사업 공제업,은행·금융,공기업·공공기관,사회복지·요양,학교(초·중·고·대학·특수)"
연세대학교 원주캠퍼스,
효성중공업,"변압기 제조업,,전동기 및 발전기 제조업,스포츠·여가·레저"
버버리코리아,"섬유·의류·패션,의복 액세서리 및 모조 장신구 도매업"
SK브로드밴드,"기타 통신 판매업,전기 통신업,가전제품, 통신장비 및 부품 도매업,네트워크·통신서비스"
대교,"방문 교육 학원,지주회사,학습지·방문교육,"
진에어,항공 여객 운송업
동화세상에듀코,"온라인 교육 학원,학원·어학원·교육원,학습지·방문교육"
건양대학교,"학원·어학원·교육원,학교(초·중·고·대학·특수),,의료(병원분류별),기타 전문 서비스업"
우리카드,"신용카드 및 할부금융업,은행·금융,일반 통신 공사업"
IGM세계경영연구원,경영 컨설팅업
에스오일,"원유 정제처리업,윤활유 및 그리스 제조업,백화점·유통·도소매"
GS홈쇼핑,"방송·케이블·프로덕션,유선 방송업,쇼핑몰·오픈마켓·소셜커머스,물류·운송·배송,백화점·유통·도소매"
태평양물산,섬유·의류·패션
현대삼호중공업,"강선 건조업,도장 공사업"
교보생명보험,"생명 보험업,증권 중개업,비주거용 부동산 관리업,솔루션·SI·CRM·ERP"
디오티스,솔루션·SI·CRM·ERP
잡앤잡 신한은행,
크레텍,"백화점·유통·도소매,철물, 금속 파스너 및 수공구 도매업,기타 산업용 기계 및 장비 도매업"
코리아세븐,"백화점·유통·도소매,체인화 편의점,기타 반도체소자 제조업,그 외 자동차용 신품 부품 제조업,상품 종합 도매업,,생활화학·화장품"
한국가스공사,"연료용 가스 제조 및 배관공급업,,음식료·외식·프랜차이즈"
한국유나이티드제약,제약·보건·바이오
현대위아,"자동차용 신품 조향장치 및 현가 장치 제조업,,기계·기계설비"
롯데슈퍼,"백화점·유통·도소매,콜센터·아웃소싱·기타,,슈퍼마켓"
NHN Entertainment,매니저업
CJ엠디원,
한국보건복지정보개발원,
이노스닷컴,
풀무원,"기관 구내식당업,그 외 기타 식료품 제조업,액상시유 및 기타 낙농제품 제조업,기타 가공식품 도매업,건강기능식품 제조업,그 외 기타 협회 및 단체"
대한항공,"항공 여객 운송업,백화점·유통·도소매,도시락류 제조업,신용조합"
책임감은 모든 일의 기본,
LIG손해보험,은행·금융
이랜드월드,"근무복, 작업복 및 유사의복 제조업,쇼핑몰·오픈마켓·소셜커머스,섬유·의류·패션,,백화점·유통·도소매"
한화생명	합격,
현대해운,"그 외 기타 운송관련 서비스업,외항 화물 운송업"
대한주택보증,주거용 부동산 관리업
파고다교육그룹,
한국전력공사(고졸),
종근당,"제약·보건·바이오,완제 의약품 제조업,건강기능식품 제조업,비주거용 건물 임대업,,백화점·유통·도소매"
이노와이어리스,"네트워크·통신서비스,기타 무선 통신장비 제조업"
LG 유플러스,"무선 및 위성 통신업,통신.방송장비 및 부품 도매업,통신기기 소매업,백화점·유통·도소매"
한국무역보험공사,기타 보험 및 연금관련 서비스업
웰컴저축은행,상호저축은행 및 기타 저축기관
한국철도공사,"기타 음ㆍ식료품 위주 종합 소매업,승강기 제조업,음식료·외식·프랜차이즈,철도 여객 운송업"
에이스코어,
한국청소년활동진흥원,그 외 기타 분류 안된 사업지원 서비스업
미래아이콘,광고·홍보·전시
보령메디앙스,"치약, 비누 및 기타 세제 제조업"
ART BOX,"사무 및 회화용품 제조업,,정비·A/S·카센터,백화점·유통·도소매,방송 프로그램 제작업"
메트라이프,생명 보험업
CJ헬로비전,전기·전자·제어
HT건설,주거용 건물 개발 및 공급업
한라건설,
대구은행,국내은행
CJ E&M,물류·운송·배송
현재자동차,학원·어학원·교육원
GS칼텍스,"원유 정제처리업,문화·공연·예술,정비·A/S·카센터,,무역·상사"
AJ렌터카,"자동차 임대업,중고 자동차 판매업,일반 화물자동차 운송업"
KDB산업은행,은행·금융
원자력병원,"의학 및 약학 연구개발업,음식료·외식·프랜차이즈"
입 사 지 원 서,
오일뱅크,"액체연료 및 관련제품 도매업,"
코웨이,그 외 기타 달리 분류되지 않은 개인 서비스업
한국환경공단,"공기업·공공기관,"
한국보훈복지의료공단,"제약·보건·바이오,보건 및 복지 행정,공기업·공공기관"
바이오스페이스,
풍림푸드,"그 외 기타 식료품 제조업,음식료·외식·프랜차이즈"
숭실대학교,"학원·어학원·교육원,공기업·공공기관,학교(초·중·고·대학·특수),,기타 전문 서비스업"
국민은행,"국내은행,상호저축은행 및 기타 저축기관,은행·금융,"
이베이코리아,"응용 소프트웨어 개발 및 공급업,컴퓨터 및 주변장치, 소프트웨어 도매업,,경영 컨설팅업,쇼핑몰·오픈마켓·소셜커머스,기타 전자부품 제조업,솔루션·SI·CRM·ERP,상품 종합 도매업"
한국중부발전,"화학·에너지·환경,전기·전자·제어,공기업·공공기관"
근로복지공단,"산업재해 및 기타 사회보장 보험업,,의료(병원분류별)"
우리은행,"국내은행,,그 외 기타 금융 지원 서비스업"
OCI,"화학·에너지·환경,다이오드, 트랜지스터 및 유사 반도체소자 제조업,기타 전기 변환장치 제조업,기타 기초 무기 화학물질 제조업,상용 인력 공급 및 인사관리 서비스업,,기타 화학물질 및 화학제품 도매업"
전영화전,석탄화학계 화합물 및 기타 기초 유기 화학물질 제조업
LG전자 VC본부,
켑코알스톰피이에스,
마팔하이테코,자동차·조선·철강·항공
한국시설안전공단,기타 일반 공공 행정
포스코,"자동차·조선·철강·항공,화력 발전업,컨설팅·연구·조사,제철업,사업시설 유지.관리 서비스업,기타 엔지니어링 서비스업,도금, 착색 및 기타 표면처리강재 제조업,통신.방송장비 및 부품 도매업"
국제자산신탁,
라이엇게임즈,
아츠플레이,
흥국생명,"임시 및 일용 인력 공급업,생명 보험업"
해태음료,"백화점·유통·도소매,무역·상사"
CJ 헬스케어,"의료용품 도매업,의료기기 도매업"
두산건설,"종합 건설업,기타 기관 및 터빈 제조업,부동산·중개·임대,건설ㆍ광업용 기계 및 장비 도매업"
AIA생명,"생명 보험업,은행·금융,콜센터 및 텔레마케팅 서비스업"
GS건설,"건설·시공·토목·조경,주거용 건물 건설업,토목시설물 건설업"
CJ 올리브네트웍스,솔루션·SI·CRM·ERP
한국남동발전,화력 발전업
신한아이타스,그 외 기타 분류 안된 사업지원 서비스업
메가박스,"영화관 운영업,영화·음반·배급,스포츠·여가·레저,문화·공연·예술"
LS전선,"기타 절연선 및 케이블 제조업,전기·전자·제어,컴퓨터 및 주변장치, 소프트웨어 도매업"
한솔케미칼,기타 기초 무기 화학물질 제조업
만도,"자동차용 신품 조향장치 및 현가 장치 제조업,기타 자동차 신품 부품 및 내장품 판매업,자동차·조선·철강·항공,자동차용 신품 전기장치 제조업,자동차 전문 수리업,시설물 유지관리 공사업,생활용품·소비재·기타"
현대글로비스,"화물운송 중개, 대리 및 관련 서비스업,"
삼양그룹,"설탕 제조업,,토목시설물 건설업,화학·에너지·환경"
한국전력,"화력 발전업,그 외 기타 전자부품 제조업,일반전기 공사업,컴퓨터·하드웨어·장비,기타 엔지니어링 서비스업,송전 및 배전업"
한화L&C,
동부하이텍,비메모리용 및 기타 전자집적회로 제조업
옥봉화학,
새마을금고,"신용조합,국내은행,금융리스업"
조광페인트,"일반용 도료 및 관련제품 제조업,도료 도매업"
태평양,"토목시설물 건설업,단추 및 유사 파스너 제조업,,그 외 기타 봉제의복 제조업,기계·기계설비,비누 및 세정제 도매업,단독 주택 건설업,기타 가공식품 도매업"
커피빈코리아,"기타 비전기식 생활용 기기 및 기구 도매업,,커피 전문점,커피 및 차류 도매업,커피 가공업,기타 중고 상품 소매업,빵류, 과자류, 당류, 초콜릿 도매업"
NH개발,"인삼식품 제조업,응용 소프트웨어 개발 및 공급업,기타 부동산 개발 및 공급업,식품가공"
인천국제공항공사,"시설관리·보안·경비,호텔업,,음식료·외식·프랜차이즈,공항 운영업,호텔·여행·항공,사업시설 유지.관리 서비스업,침구 및 관련제품 제조업"
삼성전자,"플라스틱 필름 제조업,인쇄업,이동전화기 제조업,쇼핑몰·오픈마켓·소셜커머스,컴퓨터 및 주변장치, 소프트웨어 도매업,백화점·유통·도소매,가전제품 및 부품 도매업"
중부도시가스,
현대BNG스틸,
매일테크,
인터믹스,
한솔섬유,"섬유·의류·패션,편조의복 제조업"
인천YMCA,
농협,"생명 보험업,배합 사료 제조업,상용 인력 공급 및 인사관리 서비스업,과실류 도매업,그 외 기타 분류 안된 금융업,손해 보험업,응용 소프트웨어 개발 및 공급업"
NC소프트,"유선 온라인 게임 소프트웨어 개발 및 공급업,게임·애니메이션,솔루션·SI·CRM·ERP,경영 컨설팅업"
국민건강보험공단 합격 자소서,
엠트론,"전기용 기계.장비 및 관련 기자재 도매업,금속·재료·자재,기계·기계설비,공구 소매업,자동차·조선·철강·항공,물류·운송·배송"
한국저작권위원회,"공기업·공공기관,산업 단체"
트라이텍코리아,제품 디자인업
클립서비스,"음악 및 기타 오디오물 출판업,응용 소프트웨어 개발 및 공급업,문화·공연·예술,포털 및 기타 인터넷 정보매개 서비스업"
한국주택금융공사,"공기업·공공기관,그 외 기타 분류 안된 금융업,그 외 기타 금융 지원 서비스업,콜센터·아웃소싱·기타"
KP에너지,
하나SK카드,
BSK세무법인,
현대모비스,"그 외 자동차용 신품 부품 제조업,자동차용 전용 신품 부품 판매업,물류·운송·배송,그 외 기타 전자부품 제조업,무역·상사,자동차·조선·철강·항공,정비·A/S·카센터"
CJ대한통운,"물류·운송·배송,도로 화물 운송업,건설·시공·토목·조경"
한글과컴퓨터,"광고 대행업,컴퓨터 제조업,네트워크·통신서비스,응용 소프트웨어 개발 및 공급업,컴퓨터·하드웨어·장비,광고·홍보·전시,전자상거래 소매업"
올림푸스,"포장 공사업,제약·보건·바이오"
기업은행,"국내은행,노동조합,콜센터·아웃소싱·기타"
온라인팜,"쇼핑몰·오픈마켓·소셜커머스,의약품, 의료용품 및 화장품 도매업,의약품 도매업,전자상거래 소매 중개업,백화점·유통·도소매,데이터베이스 및 온라인정보 제공업,세제, 화장품 및 광택제 제조업,생활화학·화장품"
CJ CGV,영화관 운영업
대한마리나산업진흥회,
코웰옵틱일렉트로닉스,
창성CEM철도사업,
한국가스기술공사,기타 토목시설물 건설업
NHN엔터테인먼트,
현대하이스코,
KGC한국인삼공사,
한국무역협회,"광고 대행업,협회·단체,그 외 기타 협회 및 단체,기타 기술 시험, 검사 및 분석업,화장품 및 화장용품 도매업,시설관리·보안·경비"
LS산전,"금속·재료·자재,전지 및 케이블 도매업,전기·전자·제어,산업처리공정 제어장비 제조업,백화점·유통·도소매"
대한제강,제강업
세방그룹,물류·운송·배송
한국은행,중앙은행
충남대학교 병원,"종합 병원,"
우정유빅스엔지니어링종합건축사사무소,
태한이엔씨,
삼성중공업,"강선 건조업,자동차·조선·철강·항공,기계 및 장비 중개업,,음식료·외식·프랜차이즈"
전략물자관리원,그 외 기타 분류 안된 사업지원 서비스업
현대하이카,손해 사정업
현대엔지니어링,"건설·시공·토목·조경,건물 및 토목 엔지니어링 서비스업,육상 금속 골조 구조재 제조업,기계·기계설비,그 외 기타 일반목적용 기계 제조업"
이영산업기계,"자동차·조선·철강·항공,선박 구성 부분품 제조업"
SK 하이닉스,"발광 다이오드 제조업,기타 반도체소자 제조업,,건축·설비·환경,반도체·디스플레이·광학,광고·홍보·전시"
덕성여자대학교,",학교(초·중·고·대학·특수)"
안국약품,"완제 의약품 제조업,"
KLA-Tencor,반도체·디스플레이·광학
태평양제약,
KG모빌리언스,데이터베이스 및 온라인정보 제공업
동화세상 에듀코,"온라인 교육 학원,학원·어학원·교육원,학습지·방문교육"
효성화학,"기초 화학물질 제조업,화학섬유 제조업"
풀무원 이씨엠디,기관 구내식당업
한양,"토목시설물 건설업,,그 외 기타 건축자재 도매업"
국립공원관리공단,
SK케미칼,"지주회사,합성수지 및 기타 플라스틱 물질 제조업"
서울대 의예과,
아트라스BX,"축전지 제조업,스포츠 클럽 운영업"
한국신용보증기금,
케이디씨,"전기·전자·제어,백화점·유통·도소매,자동차 엔진용 신품 부품 제조업,기타 플라스틱제품 제조업,그 외 기타 건축자재 도매업,비주거용 부동산 관리업,"
S-OIL,"원유 정제처리업,윤활유 및 그리스 제조업,백화점·유통·도소매"
사회복지공동모금회,"협회·단체,그 외 기타 분류 안된 전문, 과학 및 기술 서비스업,공기업·공공기관,"
우성산업개발,",유리 및 창호 공사업"
아트박스,"사무 및 회화용품 제조업,,정비·A/S·카센터,백화점·유통·도소매,방송 프로그램 제작업"
수협중앙회,"신용조합,은행·금융,건축물 일반 청소업,음ㆍ식료품 및 담배 중개업,,신선, 냉동 및 기타 수산물 도매업"
유니클로 자소서,
SK,"화학·에너지·환경,자동차 임대업,상품 종합 도매업,제약·보건·바이오,기타 무선 통신장비 제조업,렌탈·임대·리스,포털·컨텐츠·커뮤니티,네트워크·통신서비스"
지역농협,"은행·금융,백화점·유통·도소매,물류·운송·배송"
대전광역시 시설관리공단,하수 처리업
SK엔카,
지식재산교육,"협회·단체,접착제 및 젤라틴 제조업,기타 전문 서비스업,산업 단체"
웹젠,게임·애니메이션
OCI스페셜티,"다이오드, 트랜지스터 및 유사 반도체소자 제조업"
GNI개나리벽지,
약손명가,"뷰티·미용,,피부 미용업"
코레일관광개발,"호텔·여행·항공,여행사업"
지원 : 지상직,
조선내화,정형 내화 요업제품 제조업
하나무역,"전구 및 램프 제조업,무역·상사,화장품 및 화장용품 도매업,전자상거래 소매 중개업,생활용품·소비재·기타,신발 도매업,주형 및 금형 제조업,물질 검사, 측정 및 분석기구 제조업,육류 도매업"
CJ푸드빌,서양식 음식점업
뷰웍스,그 외 기타 의료용 기기 제조업
셀트리온제약,완제 의약품 제조업
SKC솔믹스,그 외 기타 전자부품 제조업
중외메디칼,"완제 의약품 제조업,화학·에너지·환경"
삼표기초소재,
프레이져스위츠,
한국항공우주연구원,기타 공학 연구개발업
건국대학교,"학원·어학원·교육원,학교(초·중·고·대학·특수),,기타 전문 서비스업"
윌로펌프,"액체 펌프 제조업,경영 컨설팅업,그 외 기타 기계 및 장비 도매업,그 외 기타 금속가공업,정비·A/S·카센터,전지 및 케이블 도매업"
대방건설,"주거용 건물 건설업,단독 주택 건설업,주거용 건물 개발 및 공급업,건설·시공·토목·조경"
푸르덴셜생명보험,생명 보험업
원익 IPS,"반도체·디스플레이·광학,반도체 제조용 기계 제조업"
매일유업,"액상시유 및 기타 낙농제품 제조업,낙농품 및 동.식물성 유지 도매업,,음료 소매업,쇼핑몰·오픈마켓·소셜커머스"
일진디스플레이,액정 표시장치 제조업
GS25,"음식료·외식·프랜차이즈,,백화점·유통·도소매"
한국전기안전공사,"기타 엔지니어링 서비스업,그 외 기타 분류 안된 상품 전문 소매업"
휴온스,"완제 의약품 제조업,제약·보건·바이오,식품가공"
SSLM,
신흥,"의료기기 도매업,박판, 합판 및 유사 적층판 제조업,목재 포장용 상자, 드럼 및 유사용기 제조업,그 외 기타 분류 안된 사업지원 서비스업,,다이오드, 트랜지스터 및 유사 반도체소자 제조업,화학섬유직물 직조업"
애프코코리아,
한국남부발전,화력 발전업
LG엔시스,
케이피에프,"볼트 및 너트류 제조업,전기·전자·제어,백화점·유통·도소매"
한국산업인력관리공단,
아모레퍼시픽,"화장품 제조업,화장품 및 화장용품 도매업"
한국벤처투자,"은행·금융,기타 금융 투자업,컨설팅·연구·조사,공기업·공공기관,경영 컨설팅업"
흥아타이어,자동차 신품 타이어 및 튜브 판매업
신용보증기금(고졸),
유한양행,"생활화학·화장품,완제 의약품 제조업"
동원시스템즈,"포장용 플라스틱제품 제조업,,화학·에너지·환경"
더마프로,생활화학·화장품
비씨엠정보통신,컴퓨터 및 주변 기기 수리업
SK네트웍스,"상품 종합 도매업,렌탈·임대·리스,네트워크·통신서비스,통신장비 수리업,백화점·유통·도소매"
종로학평,"일반 서적 출판업,출판·인쇄·사진"
spc 그룹,"백화점·유통·도소매,음식료·외식·프랜차이즈,기타 가공식품 도매업,사업시설 유지.관리 서비스업,빵류 제조업,합성수지 및 기타 플라스틱 물질 제조업"
이투스교육,"일반 교과 학원,학원·어학원·교육원,"
탑엔지니어링,"일반 통신 공사업,건설·시공·토목·조경,디스플레이 제조용 기계 제조업,건물용 기계.장비 설치 공사업,기타 엔지니어링 서비스업,콘크리트 및 철근 공사업,건물 및 토목 엔지니어링 서비스업,건물설비 설치 공사업"
통조림가공수협,
현대엠시트,자동차용 신품 의자 제조업
비티엘 메디컬 테크놀로지,
인터엠,"기타 음향기기 제조업,건축·설비·환경,그 외 기타 정보 서비스업,네트워크·통신서비스"
한국토지주택공사,"소방시설 공사업,기타 부동산 개발 및 공급업,공기업·공공기관,콘크리트 및 철근 공사업,건설·시공·토목·조경,"
넥센타이어,"타이어 및 튜브 제조업,정비·A/S·카센터,전자상거래 소매 중개업"
해커스,"학원·어학원·교육원,그 외 기타 분류 안된 사업지원 서비스업,외국어학원,시스템 소프트웨어 개발 및 공급업,온라인 교육 학원,기타 교육지원 서비스업,기타 기술 및 직업훈련학원"
AJ가족,"기계·기계설비,컴퓨터 및 사무용 기계.장비 임대업,음식료·외식·프랜차이즈"
한국콜마,"생활화학·화장품,지주회사"
한국가스안전공사,공기업·공공기관
KT,"유선 통신업,스포츠 클럽 운영업,네트워크·통신서비스,데이터베이스 및 온라인정보 제공업"
롯데제이티비,스포츠·여가·레저
서울국제청소년영화제,
데상트코리아,"섬유·의류·패션,남녀용 겉옷 및 셔츠 도매업,백화점·유통·도소매,그 외 기타 전문, 과학 및 기술 서비스업,기타 의복 소매업,,상품 종합 중개업"
KCC,"건물 건설업,일반용 도료 및 관련제품 제조업,컴퓨터시스템 통합 자문 및 구축 서비스업,금속 문, 창, 셔터 및 관련제품 제조업,백화점·유통·도소매"
서울관광마케팅,"협회·단체,광고·홍보·전시"
서울도시철도공사,"도시철도 운송업,교량, 터널 및 철도 건설업"
한화케미칼,"석유화학계 기초 화학물질 제조업,화학·에너지·환경"
신한은행,"국내은행,상호저축은행 및 기타 저축기관,은행·금융,솔루션·SI·CRM·ERP,협회·단체"
한국산업단지공단,"공기업·공공기관,시설관리·보안·경비"
한국우편사업진흥원,기타 인쇄업
도로교통안전공단,공기업·공공기관
삼화플라스틱,"금속 캔 및 기타 포장용기 제조업,그 외 자동차용 신품 부품 제조업,포장용 플라스틱 성형용기 제조업,생활화학·화장품"
국민건강보험공단,"건강 보험업,일반 병원,노인 요양 복지시설 운영업,제약·보건·바이오,방문 복지서비스 제공업"
남해화학,복합비료 및 기타 화학비료 제조업
미원상사,화학·에너지·환경
인천항만공사,"공기업·공공기관,경비 및 경호 서비스업"
코레일,"기타 음ㆍ식료품 위주 종합 소매업,승강기 제조업,음식료·외식·프랜차이즈,철도 여객 운송업"
프리드라이프,장례식장 및 장의관련 서비스업
서울과학종합대학원,"학교(초·중·고·대학·특수),"
알바이오,"제약·보건·바이오,의약용 화합물 및 항생물질 제조업,그 외 기타 식료품 제조업,,신발 도매업,의료용 기구 소매업"
스타리온,"전기용 기계.장비 및 관련 기자재 도매업,기타 가정용 전기기기 제조업"
현대오토에버,"솔루션·SI·CRM·ERP,응용 소프트웨어 개발 및 공급업,"
동원,"건물 및 구축물 해체 공사업,철물, 금속 파스너 및 수공구 도매업,직물, 편조원단 및 의복류 염색 가공업,,컴퓨터 및 주변장치, 소프트웨어 도매업,백화점·유통·도소매,기계·기계설비,자동차 차체용 신품 부품 제조업,아파트 건설업,원양 어업"
한국전력거래소,그 외 기타 분류 안된 사업지원 서비스업
키즈쉬즈한의원,제약·보건·바이오
한라고속,
남양유업,"액상시유 및 기타 낙농제품 제조업,식품가공,,낙농품 및 동.식물성 유지 도매업,음식료·외식·프랜차이즈,방문 판매업,기타 식료품 소매업"
E1,"기체연료 및 관련제품 도매업,금속 가구 제조업,경영 컨설팅업,산업용 냉장 및 냉동 장비 제조업,뉴스 제공업,배관 및 냉ㆍ난방 공사업,섬유·의류·패션,반도체·디스플레이·광학,의약품 도매업"
동부익스프레스,"일반 화물자동차 운송업,통관 대리 및 관련서비스업"
패커드코리아,자동차용 신품 동력전달장치 제조업
사립학교,"학원·어학원·교육원,공기업·공공기관,연금업,그 외 기타 분류 안된 사업지원 서비스업,교육 행정"
SK하이닉스,"발광 다이오드 제조업,기타 반도체소자 제조업,,건축·설비·환경,반도체·디스플레이·광학,광고·홍보·전시"
동화기업,"강화 및 재생 목재 제조업,골프장 운영업,,학원·어학원·교육원"
강남구건강가정지원센터,
미래에셋증권,증권 중개업
호텔 휴,
SK C&C,"그 외 기타 분류 안된 화학제품 제조업,화학·에너지·환경,기록매체 복제업,그 외 기타 전자부품 제조업,플라스틱물질 및 합성고무 도매업,증류기, 열교환기 및 가스발생기 제조업,통신.방송장비 및 부품 도매업,플라스틱 필름 제조업,석탄화학계 화합물 및 기타 기초 유기 화학물질 제조업"
IBK,"그 외 기타 여신금융업,주거용 부동산 관리업,상호저축은행 및 기타 저축기관,국내은행,증권 중개업,생명 보험업,은행·금융"
KB손해보험,"손해 보험업,,증권·보험·카드"
신한기계,"그 외 기타 기계 및 장비 도매업,인쇄 및 제책용 기계 제조업"
nhn 엔터테인먼트,매니저업
위민,"광고 대행업,회계·세무·법무,,매니저업"
LG 서브원,"그 외 기타 상품 전문 도매업,고무 의류 및 기타 위생용 비경화 고무제품 제조업"
도로교통공단,"공기업·공공기관,"
JNC,"임시 및 일용 인력 공급업,전자상거래 소매 중개업,유선 통신장비 제조업,주거용 건물 건설업,광고·홍보·전시"
[캐논쎄미콘덕터엔지니어링],기타 엔지니어링 서비스업
무역보험공사,"기타 보험 및 연금관련 서비스업,기타 수상 운송지원 서비스업"
동아오츠카,기타 비알코올 음료 제조업
삼성생명,"생명 보험업,은행·금융,증권·보험·카드,"
한국수력원자력,"공기업·공공기관,원자력 발전업,"
바텍네트웍스,"전기·전자·제어,의료기기 도매업,치과용 기기 제조업"
대웅제약,"의약용 화합물 및 항생물질 제조업,금속 문, 창, 셔터 및 관련제품 제조업"
법무법인 해냄,회계·세무·법무
아식스,"백화점·유통·도소매,섬유·의류·패션"
SR,",문서 작성업,합성수지 및 기타 플라스틱 물질 제조업,호텔·여행·항공,기타 광고업,백화점·유통·도소매,기타 외국식 음식점업,음ㆍ식료품 및 담배 가공기계 제조업"
원진파트너스,
동원F&B,"식품가공,낙농품 및 동.식물성 유지 도매업,쇼핑몰·오픈마켓·소셜커머스"
서한기업,임시 및 일용 인력 공급업
삼천리,"자동차·조선·철강·항공,연료용 가스 제조 및 배관공급업,배관 및 냉ㆍ난방 공사업,유압기기 제조업,,육상 여객 운송업,화학·에너지·환경"
KT&G,"유선 통신업,스포츠 클럽 운영업,네트워크·통신서비스,데이터베이스 및 온라인정보 제공업"
한국지역난방공사,"증기, 냉.온수 및 공기조절 공급업,건물용 기계.장비 설치 공사업,배관 및 냉ㆍ난방 공사업,강관 제조업"
롯데칠성음료,"물류·운송·배송,기타 비알코올 음료 제조업,,비알코올음료 도매업,생활용품·소비재·기타"
빙그레,아이스크림 및 기타 식용빙과류 제조업
베르나바이오텍코리아,
삼호개발,토공사업
한국인터넷진흥원,"그 외 기타 정보 서비스업,만화 출판업,협회·단체,"
세종특별자치시,"유선 통신업,모바일·APP,그 외 기타 달리 분류되지 않은 제품 제조업,생활용품·소비재·기타,임시 및 일용 인력 공급업,통신.방송장비 및 부품 도매업,주거용 건물 개발 및 공급업,,의료기기 도매업"
도로교통공산,
신용회복위원회,그 외 기타 금융 지원 서비스업
세이브존,"대형 마트,음식료·외식·프랜차이즈,백화점,백화점·유통·도소매"
강영수특허법률사무소,
롯데정보통신,"컴퓨터 프로그래밍 서비스업,솔루션·SI·CRM·ERP"
외환은행,국내은행
신영증권,증권 중개업
안동시시설관리공단,사업시설 유지.관리 서비스업
유니클로,
KTCS,"네트워크·통신서비스,데이터베이스 및 온라인정보 제공업"
부산도시공사,"연료용 가스 제조 및 배관공급업,기타 부동산 개발 및 공급업"
대구도시철도공사,도시철도 운송업
씨아이에스텍,솔루션·SI·CRM·ERP
ECS텔레콤,"네트워크·통신서비스,응용 소프트웨어 개발 및 공급업"
LG이노텍,"그 외 기타 전자부품 제조업,"
한국국제교류재단,그 외 기타 협회 및 단체
새롬정보시스템,"가전제품 및 부품 도매업,솔루션·SI·CRM·ERP"
삼천리도시가스,"연료용 가스 제조 및 배관공급업,그 외 기타 분류 안된 사업지원 서비스업"
삼성SDS,"컴퓨터 프로그래밍 서비스업,IT컨설팅,솔루션·SI·CRM·ERP"
한국서부발전,화력 발전업
삼성물산 건설부문,건설·시공·토목·조경
한국교육방송공사,"문구용품, 회화용품, 사무용품.. 도매업,지상파 방송업,일반 교과 학원"
롯데,"비주거용 건물 임대업,호텔업,신용카드 및 할부금융업,기타 운송장비 임대업,상품 종합 중개업,아이스크림 및 기타 식용빙과류 제조업"
LG display,"이동전화기 제조업,전기·전자·제어,,전자감지장치 제조업,쇼핑몰·오픈마켓·소셜커머스,반도체·디스플레이·광학,물류·운송·배송,광고·홍보·전시,게임·애니메이션"
동양시멘트,
삼성화재,"손해 보험업,은행·금융"
한국자산관리공사,"기금 운영업,공기업·공공기관,임시 및 일용 인력 공급업"
신한금융투자,증권 중개업
신용보증기금,"일반전기 공사업,전기·전자·제어,잡지 및 정기간행물 발행업,신문, 잡지 및 정기간행물 출판업,산업용 냉장 및 냉동 장비 제조업,보증 보험업"
농협사료,"배합 사료 제조업,물류·운송·배송,사료 도매업,,농축산·어업·임업"
일진머티리얼즈,전자감지장치 제조업
삼성전기,"그 외 기타 전자부품 제조업,배전반 및 전기 자동제어반 제조업,기계·기계설비,전기용 기계.장비 및 관련 기자재 도매업,가전제품 및 부품 도매업,종이 원지, 판지, 종이상자 도매업,건물용 기계.장비 설치 공사업,일반용 전기 조명장치 제조업,기타 일반 기계 및 장비 수리업,그 외 기타 분류 안된 비금속 광물제품 제조업"
서울보건복지인력개발원,
세아창원특수강,"제강업,"
이니스프리 제주하우스,
네패스,"다이오드, 트랜지스터 및 유사 반도체소자 제조업,그 외 기타 분류 안된 전문, 과학 및 기술 서비스업,건설·시공·토목·조경,합성수지 및 기타 플라스틱 물질 제조업,건물 건설업"
현대증권,
쿠팡,"쇼핑몰·오픈마켓·소셜커머스,기타 육상 운송지원 서비스업,전자상거래 소매업"
어린이집,",유아·유치원·어린이집"
대원제약,완제 의약품 제조업
동그라미재단,그 외 기타 협회 및 단체
KB국민은행,"국내은행,상호저축은행 및 기타 저축기관,은행·금융,"
CJ올리브네트웍스,솔루션·SI·CRM·ERP
이노션,"광고 대행업,의료기기 도매업,도장 및 기타 피막처리업,광고·홍보·전시,골재, 벽돌 및 시멘트 도매업,건설·시공·토목·조경,사무용 가구 및 기기 도매업,부동산·중개·임대"
KT렌탈,모바일·APP
동우화인켐,"반도체·디스플레이·광학,"
SK텔레콤,"무선 및 위성 통신업,통신기기 소매업,백화점·유통·도소매,네트워크·통신서비스,통신.방송장비 및 부품 도매업"
한국공항공사,"공항 운영업,"
버버리,"섬유·의류·패션,의복 액세서리 및 모조 장신구 도매업,"
메가스터디,"교과서 및 학습서적 출판업,학원·어학원·교육원,온라인 교육 학원"
고려해운,"물류·운송·배송,외항 화물 운송업,화물운송 중개, 대리 및 관련 서비스업"
롯데케미칼,"석유화학계 기초 화학물질 제조업,인테리어·자재"
대우조선해양,"선박 및 수상 부유 구조물 건조업,자동차·조선·철강·항공,"
한전KPS,"일반전기 공사업,공기업·공공기관,,건축·설비·환경"
성형외과치과,"제약·보건·바이오,인테리어·자재,금속·재료·자재,디자인·CAD"
힐링인터네셔널,접착제 및 젤라틴 제조업
국민연금관리공단,"기금 운영업,호텔·여행·항공"
예일전자,"컴퓨터시스템 통합 자문 및 구축 서비스업,기타 반도체소자 제조업,그 외 기타 분류 안된 전문, 과학 및 기술 서비스업,철물, 금속 파스너 및 수공구 도매업"
에드워드코리아,그 외 기타 전자부품 제조업
삼표,"금속·재료·자재,건설·시공·토목·조경,,레미콘 제조업,운송장비용 주유소 운영업,콘크리트 관 및 기타 구조용 콘크리트 제품 제조업,철도궤도 전문공사업"
부산항만공사,공기업·공공기관
오더커뮤니케이션즈,
LG디스플레이,"이동전화기 제조업,전기·전자·제어,액정 표시장치 제조업,전자감지장치 제조업,물류·운송·배송"
제주항공,"항공 여객 운송업,학원·어학원·교육원,호텔업,호텔·여행·항공,"
BC카드,"은행·금융,신용카드 및 할부금융업"
코오롱 패션머티리얼,
금강제화,"섬유·의류·패션,쇼핑몰·오픈마켓·소셜커머스"
엠피씨,"문구용 종이제품 제조업,인력 공급업,임시 및 일용 인력 공급업,경영 컨설팅업"
중앙에스엠,배전반 및 전기 자동제어반 제조업
대통령 경호처,비주거용 건물 임대업
에어부산,"항공 여객 운송업,호텔·여행·항공"
YG-1,
서울메트로,"도시철도 운송업,건축물 일반 청소업,건설·시공·토목·조경"
다쏘시스템코리아,솔루션·SI·CRM·ERP
수성엔지니어링,건물 및 토목 엔지니어링 서비스업
비츠로시스,배전반 및 전기 자동제어반 제조업
대한적십자사,"그 외 기타 보건업,"
CJ,"음식료·외식·프랜차이즈,서양식 음식점업,설탕 제조업,도로 화물 운송업,지주회사,방송·케이블·프로덕션,기타 통신 판매업,영화관 운영업,부동산·중개·임대"
교원그룹,"출판·인쇄·사진,교과서 및 학습서적 출판업,"
두산중공업,기타 기관 및 터빈 제조업
샘표식품,"지주회사,장류 제조업,백화점·유통·도소매,기타 가공식품 도매업"
경찰공제회,"공기업·공공기관,비주거용 건물 임대업,"
전력거래소,그 외 기타 분류 안된 사업지원 서비스업
한국산업기술진흥원,"패션, 섬유류 및 기타 전문 디자인업,공기업·공공기관,기타 공학 연구개발업"
KIS TEMP,임시 및 일용 인력 공급업
한화리조트,"휴양콘도 운영업,그 외 기타 달리 분류되지 않은 개인 서비스업,호텔·여행·항공"
LG유니참,
KOICA,"의료기기 도매업,외무 행정,기타 전문 서비스업"
심텍,"전기·전자·제어,액정 표시장치 제조업,건물 및 토목 엔지니어링 서비스업"
현대해상,"손해 보험업,응용 소프트웨어 개발 및 공급업,콜센터·아웃소싱·기타,보험 대리 및 중개업,"
KEB하나은행,"부동산 임대업,국내은행,,은행·금융"
지오콘다,합성섬유 제조업
해태제과,"음식료·외식·프랜차이즈,식품가공,백화점·유통·도소매,물류·운송·배송"
신세계,"백화점·유통·도소매,백화점,의료용 기기 제조업,전자상거래 소매업,쇼핑몰·오픈마켓·소셜커머스,하수 처리업,컴퓨터시스템 통합 자문 및 구축 서비스업,주류 도매업,사업시설 유지.관리 서비스업"
대성엘텍,그 외 자동차용 신품 부품 제조업
디지털대성,"일반 교과 학원,데이터베이스 및 온라인정보 제공업"
삼성카드 고객서비스,그 외 기타 금융 지원 서비스업
SC제일은행,국내은행
제니스이엔씨,
금호타이어,"타이어 및 튜브 제조업,정비·A/S·카센터,,자동차·조선·철강·항공,산업용 트럭, 승강기 및 물품취급장비 제조업"
삼성물산,"건축·설비·환경,직물 도매업,,건설·시공·토목·조경"
iCOOP 생협,식품가공
한전 KPS,"일반전기 공사업,공기업·공공기관,,건축·설비·환경"
어린이재단,"그 외 기타 협회 및 단체,유아·유치원·어린이집,협회·단체,보육시설 운영업,공기업·공공기관"
LG 생활건강,"화장품 제조업,그 외 기타 생활용품 도매업,뷰티·미용,디자인·CAD"
휴맥스,"지주회사,비디오 및 기타 영상기기 제조업,용달 화물자동차 운송업,기타 과실ㆍ채소 가공 및 저장 처리업,안경, 사진장비 및 광학용품 도매업,IT컨설팅,물류·운송·배송,유선 통신장비 제조업,화물운송 중개, 대리 및 관련 서비스업"
광주은행,"국내은행,은행·금융"
오토텍,"반도체 제조용 기계 제조업,배전반 및 전기 자동제어반 제조업,자동차·조선·철강·항공,기계·기계설비,백화점·유통·도소매,자동차 엔진용 신품 부품 제조업,,금속·재료·자재,그 외 기타 특수목적용 기계 제조업"
노틸러스효성,
CGV,"영화관 운영업,통신.방송장비 및 부품 도매업,한식 일반 음식점업,스포츠·여가·레저,백화점·유통·도소매,음식료·외식·프랜차이즈"
LG CNS,"컴퓨터시스템 통합 자문 및 구축 서비스업,게임·애니메이션"
Atlas Copco,기계·기계설비
진양제약,제약·보건·바이오
유니드컴즈,응용 소프트웨어 개발 및 공급업
스카이씨엔에스,
에쓰오일,"원유 정제처리업,윤활유 및 그리스 제조업,백화점·유통·도소매"
삼천리자전거,"자전거 및 기타 운송장비 도매업,운동용품 및 자전거 소매업,백화점·유통·도소매"
서린바이오사이언스,의료기기 도매업
국민연금공단,"기금 운영업,호텔·여행·항공"
엘지유플러스,"무선 및 위성 통신업,통신.방송장비 및 부품 도매업,통신기기 소매업,백화점·유통·도소매"
롯데건설,종합 건설업
스시코우지,일식 음식점업
대구특수금속,기타 인쇄업
GS엠비즈,백화점·유통·도소매
세스코,"제약·보건·바이오,소독, 구충 및 방제 서비스업,일반용 전기 조명장치 제조업,,광고·홍보·전시"
KT DS,컴퓨터시스템 통합 자문 및 구축 서비스업
한국CFO협회,
LIG,"응용 소프트웨어 개발 및 공급업,무기 및 총포탄 제조업,,은행·금융"
신협,"토공사업,생활용 포장 및 위생용품, 봉투 및 유사 제품 도매업,신용조합,연성 및 기타 인쇄회로기판 제조업,전기·전자·제어"
POSCO,"자동차·조선·철강·항공,화력 발전업,컨설팅·연구·조사,제철업,사업시설 유지.관리 서비스업,기타 엔지니어링 서비스업,도금, 착색 및 기타 표면처리강재 제조업,통신.방송장비 및 부품 도매업"
호텔페이토,호텔업
디바이스이앤지,
GS EPS,"전기·전자·제어,화력 발전업"
여천NCC,석유화학계 기초 화학물질 제조업
한화건설,"화약 및 불꽃제품 제조업,건설·시공·토목·조경,도로 건설업"
애경,"석유화학계 기초 화학물질 제조업,골프장 운영업,백화점·유통·도소매,화장품, 비누 및 방향제 소매업,골판지 상자 및 가공제품 제조업,비누 및 세정제 도매업,백화점,일반용 도료 및 관련제품 제조업,물류·운송·배송"
씨디컴,기타 인쇄업
세화아이엠씨,주형 및 금형 제조업
세원정공,"플라스틱 필름 제조업,자동차 차체용 신품 부품 제조업,그 외 기타 특수목적용 기계 제조업"
파수닷컴,
포스코켐텍,
더와이즈,"전시, 컨벤션 및 행사 대행업,화장품 및 화장용품 도매업,제약·보건·바이오"
경상북도개발공사,도시계획 및 조경설계 서비스업
홈플러스,"백화점·유통·도소매,대형 마트,,음식료·외식·프랜차이즈"
세림티에스지,컴퓨터시스템 통합 자문 및 구축 서비스업
한국도로공사,"그 외 기타 플라스틱 제품 제조업,도로 건설업,교량, 터널 및 철도 건설업,시스템 소프트웨어 개발 및 공급업,건설·시공·토목·조경,도로 및 관련시설 운영업,비주거용 부동산 관리업,그 외 기타 스포츠 서비스업"
대상,"식품가공,전분제품 및 당류 제조업,응용 소프트웨어 개발 및 공급업,건축물 일반 청소업"
모두투어,"여행사업,호텔·여행·항공,비주거용 건물 개발 및 공급업"
엔씨소프트,"유선 온라인 게임 소프트웨어 개발 및 공급업,게임·애니메이션,솔루션·SI·CRM·ERP,경영 컨설팅업"
현대카드,"증권·보험·카드,은행·금융"
와이즈인베스트먼트,부동산·중개·임대
캣콘코리아,그 외 자동차용 신품 부품 제조업
한진,"물류·운송·배송,그 외 기타 분류 안된 개인 서비스업,기타 도로화물 운송업,건설장비 운영업,의약품 도매업,,항공 여객 운송업,그 외 기타 분류 안된 사업지원 서비스업"
대한적십자사 혈액관리본부,
한국거래소,"금융시장 관리업,컨설팅·연구·조사,그 외 기타 분류 안된 사업지원 서비스업,기계·기계설비,쇼핑몰·오픈마켓·소셜커머스,솔루션·SI·CRM·ERP,기타 비철금속 제련, 정련 및 합금 제조업"
NS홈쇼핑,"기타 통신 판매업,백화점·유통·도소매,기타 가공식품 도매업,쇼핑몰·오픈마켓·소셜커머스,산업용 농.축산물, 섬유 원료 및 동물 중개업"
인터파크,"백화점·유통·도소매,전자상거래 소매 중개업,쇼핑몰·오픈마켓·소셜커머스,학원·어학원·교육원,렌탈·임대·리스,공연시설 운영업,교육관련 자문 및 평가업,물류·운송·배송"
샘표,"지주회사,장류 제조업,백화점·유통·도소매,기타 가공식품 도매업"
대구백화점,"백화점·유통·도소매,그 외 기타 건축자재 도매업,음식료·외식·프랜차이즈,스포츠·여가·레저"
동아제약,완제 의약품 제조업
미래잡센터,
풀무원 건강생활,건강기능식품 제조업
대아티아이,솔루션·SI·CRM·ERP
한국타이어,"화학·에너지·환경,자동차 신품 타이어 및 튜브 판매업,,자동차·조선·철강·항공,자동차 수리 및 세차업,정비·A/S·카센터"
한국투자증권,증권 중개업
대한유화공업,
삼성 SDI,"축전지 제조업,유아·유치원·어린이집"
레드캡투어,호텔·여행·항공
페르노리카코리아,주류 도매업
아프로존,"백화점·유통·도소매,화장품 및 화장용품 도매업"
넥슨,"게임·애니메이션,컴퓨터·하드웨어·장비,기타 구조용 금속제품 제조업,모바일 게임 소프트웨어 개발 및 공급업,응용 소프트웨어 개발 및 공급업,그 외 기타 건축 마무리 공사업,유선 온라인 게임 소프트웨어 개발 및 공급업,생활화학·화장품"
한국인사관리협회,협회·단체
현대그린푸드,"백화점,음식료·외식·프랜차이즈,백화점·유통·도소매"
서브원,"그 외 기타 상품 전문 도매업,고무 의류 및 기타 위생용 비경화 고무제품 제조업"
예금보험공사,기금 운영업
한화에너지,"화력 발전업,액체연료 및 관련제품 도매업,콜센터·아웃소싱·기타,사업시설 유지.관리 서비스업"
동화홀딩스,
스카이씨앤에스,
공항철도,"도시철도 운송업,네트워크·통신서비스"
제이마케팅주식회사,"광고·홍보·전시,생활용품·소비재·기타"
대전테크노파크,산업 단체
아이패밀리,"웨딩·상조·이벤트,컨설팅·연구·조사,김밥 및 기타 간이 음식점업,한의원"
에어서울,"항공 여객 운송업,건축·설비·환경"
퍼시스,"기타 목재가구 제조업,물류·운송·배송,사무용 가구 및 기기 도매업,가구 소매업,그 외 기타 분류 안된 개인 서비스업"
날리지큐브,솔루션·SI·CRM·ERP
대한제당,설탕 제조업
현대백화점그룹,
CJ건설,"부동산·중개·임대,건설·시공·토목·조경"
부산교통공사,도시철도 운송업
일진다이아몬드,기타 기초 무기 화학물질 제조업
서원대학교,"학원·어학원·교육원,기타 공학 연구개발업"
부야한의원,
유니세프,"기타 산업진흥 행정,공기업·공공기관"
LG유플러스,"무선 및 위성 통신업,통신.방송장비 및 부품 도매업,통신기기 소매업,백화점·유통·도소매"
여행사,"여행사업,호텔·여행·항공,전세버스 운송업"
굿모닝씨오엠,학원·어학원·교육원
본아이에프,"경영 컨설팅업,음식료·외식·프랜차이즈"
강원도개발공사,휴양콘도 운영업
서양네트웍스,"유아용 의복 제조업,서양식 음식점업,섬유·의류·패션"
LH,"음식료·외식·프랜차이즈,절삭가공 및 유사처리업,방송·케이블·프로덕션,,부동산·중개·임대"
세아상역,"섬유·의류·패션,남자용 겉옷 제조업"
동부화재,"손해 보험업,임시 및 일용 인력 공급업,은행·금융,고용 알선업,자동차 종합 수리업"
S-Oil,"원유 정제처리업,윤활유 및 그리스 제조업,백화점·유통·도소매"
대성 셀틱에너시스,
삼성웰스토리,"음식료·외식·프랜차이즈,광고·홍보·전시"
에이텍,"기타 기술 시험, 검사 및 분석업,컴퓨터 제조업,자동차·조선·철강·항공,전기·전자·제어,콜센터·아웃소싱·기타,변압기 제조업,기타 무선 통신장비 제조업,컴퓨터 및 주변장치, 소프트웨어 도매업,네트워크·통신서비스"
문화예술 놀다,"전시, 컨벤션 및 행사 대행업"
정우산업,"신발 도매업,폴리스티렌 발포 성형제품 제조업,건설·시공·토목·조경,기타 구조용 금속제품 제조업,기타 기계 및 장비 도매업,건물용 금속공작물 설치 공사업,도장 공사업,그 외 기타 특수목적용 기계 제조업,기타 반도체소자 제조업"
GS엠비스,
대전광역시육아종합지원센터,사회복지·요양
미쓰비시 엘리베이터,
SK고용디딤돌,
토지주택공사,"기타 부동산 개발 및 공급업,기타 일반 공공 행정,공기업·공공기관,건설·시공·토목·조경"
더케이홀딩스,무역·상사
LG서브원,"그 외 기타 상품 전문 도매업,고무 의류 및 기타 위생용 비경화 고무제품 제조업"
삼성전자판매,가전제품 및 부품 도매업
계룡건설산업,종합 건설업
국방과학연구소,"기타 공학 연구개발업,그 외 기타 협회 및 단체"
서울의료원,",음식료·외식·프랜차이즈,종합 병원,의료(병원분류별)"
기술보증기금,"공기업·공공기관,사업시설 유지.관리 서비스업"
대교 눈높이,",학습지·방문교육,학원·어학원·교육원"
비알코리아,"아이스크림 및 기타 식용빙과류 제조업,육류 도매업"
비큐러스,보험 대리 및 중개업
롯데관광,"호텔업,백화점,,호텔·여행·항공"
금융보안원,경제 및 경영학 연구개발업
KT CS,"네트워크·통신서비스,데이터베이스 및 온라인정보 제공업"
대유에이텍,자동차용 신품 조향장치 및 현가 장치 제조업
삼천리,"자동차·조선·철강·항공,연료용 가스 제조 및 배관공급업,배관 및 냉ㆍ난방 공사업,유압기기 제조업,,육상 여객 운송업,화학·에너지·환경"
교통안전공단,"공기업·공공기관,,기타 기술 시험, 검사 및 분석업"
고향식품,"기타 식사용 가공처리 조리식품 제조업,기타 가공식품 도매업"
한올바이오파마,완제 의약품 제조업
화신,"자동차 엔진용 신품 부품 제조업,전동기 및 발전기 제조업,생활용품·소비재·기타,학원·어학원·교육원,출판·인쇄·사진,가방, 시계, 안경 및 기타 생활용품 도매업,네트워크·통신서비스,배전반 및 전기 자동제어반 제조업,승강기 제조업,일반전기 공사업"
동부팜한농,
서한산업,"그 외 자동차용 신품 부품 제조업,건설·시공·토목·조경,천막, 텐트 및 유사 제품 제조업"
롯데하이마트,"가전제품 소매업,물류·운송·배송"
태준제약,
대우건설,아파트 건설업
한국스탠다드차타드은행,
삼양,"음식료·외식·프랜차이즈,경영 컨설팅업,설탕 제조업,,토목시설물 건설업,기타 가죽제품 제조업,유압기기 제조업"
대한조선,강선 건조업
sk하이닉스,"발광 다이오드 제조업,기타 반도체소자 제조업,,건축·설비·환경,반도체·디스플레이·광학,광고·홍보·전시"
국민카드,"은행·금융,고용 알선업,신용카드 및 할부금융업,증권·보험·카드,"
한국수목관리원,식물원 및 동물원 운영업
티웨이항공,"기타 무선 통신장비 제조업,항공 여객 운송업,가정용 유리제품 제조업,시멘트 제조업,기타 항공 운송지원 서비스업"
삼영그룹,
현대하이카다이렉트,
성일건설,"아파트 건설업,건설·시공·토목·조경,,부동산·중개·임대"
대한설비건설공제조합,
수협은행,"신용조합,은행·금융,건축물 일반 청소업,음ㆍ식료품 및 담배 중개업,,신선, 냉동 및 기타 수산물 도매업"
디에이피,"인쇄회로기판용 적층판 제조업,시스템 소프트웨어 개발 및 공급업,연예·엔터테인먼트"
유진기업,"건축·설비·환경,레미콘 제조업,상용 인력 공급 및 인사관리 서비스업"
GIT,
경희대학교,",학원·어학원·교육원,스포츠 및 레크리에이션 교육기관,스포츠·여가·레저,음식료·외식·프랜차이즈,한의원"
하나캐피탈,"캐피탈·대출,신용카드 및 할부금융업"
지지무역,"근무복, 작업복 및 유사의복 제조업"
영원무역,"남녀용 겉옷 및 셔츠 도매업,지주회사"
동부대우전자,
KCC건설,건물 건설업
LG Software,컴퓨터·하드웨어·장비
그린웹서비스,임시 및 일용 인력 공급업
대흥알앤티,산업용 그 외 비경화 고무제품 제조업
수정중앙노인복지관,제약·보건·바이오
명천문화관광재단,
금호석유화학,"합성고무 제조업,금속·재료·자재"
큐오텍,응용 소프트웨어 개발 및 공급업
한양대학교 산학협력단,기타 전문 서비스업
한국사학진흥재단,교육 행정
이랜드리테일,"백화점,"
SR,",문서 작성업,합성수지 및 기타 플라스틱 물질 제조업,호텔·여행·항공,기타 광고업,백화점·유통·도소매,기타 외국식 음식점업,음ㆍ식료품 및 담배 가공기계 제조업"
서울반도체,"다이오드, 트랜지스터 및 유사 반도체소자 제조업"
개인택시공제조합,기타 육상 운송지원 서비스업
한국기초과학지원연구원,기타 공학 연구개발업
서울신용평가정보,은행·금융
경기도지체장애인협회,"협회·단체,공기업·공공기관,"
멜파스,그 외 기타 전자부품 제조업
변호사 사무실,"회계·세무·법무,,건축·설비·환경,광고·홍보·전시"
Appen,IT컨설팅
그랜드코리아레저,공기업·공공기관
웰크론,"그 외 기타 분류 안된 섬유제품 제조업,,기계·기계설비,건설·시공·토목·조경,위생용 종이제품 제조업"
서울시농수산식품공사,
머크,"의약품 도매업,그 외 기타 분류 안된 화학제품 제조업"
한국섬유기계연구원,"물리, 화학 및 생물학 연구개발업"
한국조폐공사,"재정 및 경제정책 행정,사업시설 유지.관리 서비스업"
원익그룹,"반도체·디스플레이·광학,반도체 제조용 기계 제조업"
한화종합화학,석유화학계 기초 화학물질 제조업
공정거래위원회,"기타 사회서비스 관리 행정,은행·금융"
KOTRA,"공기업·공공기관,기타 산업진흥 행정"
농산물품질관리원,
한국여성과학기술인지원센터,"그 외 기타 협회 및 단체,공기업·공공기관"
서울특별시도시철도공사,
컴투스,"게임·애니메이션,모바일 게임 소프트웨어 개발 및 공급업,컴퓨터시스템 통합 자문 및 구축 서비스업"
예공포럼건축사사무소,
삼성,"컴퓨터 프로그래밍 서비스업,이동전화기 제조업,손해 보험업,신용카드 및 할부금융업,은행·금융,유기발광 표시장치 제조업,기타 보험 및 연금관련 서비스업,백화점·유통·도소매,자동차 종합 수리업,목재·제지·가구"
한국관광공사,"공기업·공공기관,"
금화PSC,내부 전기배선 공사업
엠로,"솔루션·SI·CRM·ERP,일반 화물자동차 운송업,,응용 소프트웨어 개발 및 공급업"
위니아만도,가전제품 및 부품 도매업
코이카,"의료기기 도매업,외무 행정,기타 전문 서비스업"
교보생명,"생명 보험업,임시 및 일용 인력 공급업"
PMC 프로덕션,
메디톡스,"제약·보건·바이오,생물학적 제제 제조업,생활화학·화장품"
카페베네,"음식료·외식·프랜차이즈,,낙농품 및 동.식물성 유지 도매업"
두산엔진,"기타 기관 및 터빈 제조업,건설 및 채광용 기계장비 제조업,그 외 기타 기계 및 장비 도매업"
경동제약,"제약·보건·바이오,완제 의약품 제조업"
이브자리,"침구 및 관련제품 제조업,백화점·유통·도소매,"
건설근로자공제회,그 외 기타 금융 지원 서비스업
한국동서발전,화력 발전업
삼성디스플레이,"이동전화기 제조업,가전제품 및 부품 도매업,유기발광 표시장치 제조업,,반도체·디스플레이·광학"
도서출판 아름다운사람들,
장애인복지관,"제약·보건·바이오,공기업·공공기관,사회복지·요양,,종합복지관 운영업,그 외 기타 가구 제조업"
농협케미컬,화학 살균.살충제 및 농업용 약제 제조업
넥센,"그 외 기타 고무제품 제조업,산업처리공정 제어장비 제조업,,화학·에너지·환경"
아시아나항공,"항공 여객 운송업,기타 항공 운송지원 서비스업,"
더불어민주당,",정치 단체"
공무원연금관리공단,기금 운영업
LG경영개발원 인화원,
녹채원,도시락류 제조업
지학사,출판·인쇄·사진
이랜드시스템즈,
한국복제전송저작권협회,무형재산권 임대업
내일배움아카데미,학원·어학원·교육원
안랩,"시스템 소프트웨어 개발 및 공급업,솔루션·SI·CRM·ERP,컴퓨터 및 주변장치, 소프트웨어 도매업"
삼진제약,완제 의약품 제조업
일진물류,"그 외 기타 분류 안된 사업지원 서비스업,물류·운송·배송"
일동제약,제약·보건·바이오
보육원,"제약·보건·바이오,그 외 기타 비거주 복지 서비스업"
바이오니아,"생물학적 제제 제조업,제약·보건·바이오"
한국농어촌공사,"그 외 기타 분류 안된 사업지원 서비스업,"
엘에스티,"산업용 냉장 및 냉동 장비 제조업,금속·재료·자재,기타 화학물질 및 화학제품 도매업,기계·기계설비,공기 조화장치 제조업,,컴퓨터 프로그래밍 서비스업"
국제인천성모병원,
카카오,"포털 및 기타 인터넷 정보매개 서비스업,스포츠·여가·레저,국내은행,연예·엔터테인먼트,기타 부동산 개발 및 공급업,응용 소프트웨어 개발 및 공급업,,그 외 기타 금융 지원 서비스업"
에이텍티앤,"기타 무선 통신장비 제조업,컴퓨터·하드웨어·장비"
올림푸스한국,"포장 공사업,제약·보건·바이오"
오스템임플란트,"치과용 기기 제조업,제약·보건·바이오,"
한화 갤러리아,
넷마블,"유선 온라인 게임 소프트웨어 개발 및 공급업,게임·애니메이션"
삼호저축은행,상호저축은행 및 기타 저축기관
굿네이버스,"공기업·공공기관,협회·단체,사회복지·요양,,제약·보건·바이오"
앞선데이터시스템,
농협은행,"국내은행,은행·금융"
파고다그룹,
위메프,"쇼핑몰·오픈마켓·소셜커머스,가전제품 및 부품 도매업,그 외 기타 가정용품 소매업,백화점·유통·도소매,화장품 및 화장용품 도매업"
웅진씽크빅,"교과서 및 학습서적 출판업,학습지·방문교육"
동부특수강,
스미후루코리아,과실류 도매업
여행박사,"호텔·여행·항공,여행사업"
YBM,"교과서 및 학습서적 출판업,비주거용 건물 임대업"
한국산업인력공단,"직원훈련기관,공기업·공공기관,경영 컨설팅업,학원·어학원·교육원"
P&G,"전기용 기계.장비 및 관련 기자재 도매업,전자상거래 소매 중개업,인형 및 장난감 제조업,기타 반도체소자 제조업,자동차·조선·철강·항공,그 외 기타 생활용품 도매업,남녀용 겉옷 및 셔츠 도매업,그 외 기타 달리 분류되지 않은 제품 제조업,인쇄회로기판용 적층판 제조업"
포천파워,화력 발전업
국가정보원,공기업·공공기관
한국수출입은행,"개발금융기관,시설관리·보안·경비"
SL그룹,
건화 엔지니어링,건물 및 토목 엔지니어링 서비스업
신코 중앙연구소,
인바디,"제약·보건·바이오,그 외 기타 의료용 기기 제조업,시스템 소프트웨어 개발 및 공급업,의료기기 도매업,광고 대행업"
수자원공사,"기타 일반 기계 및 장비 수리업,기계·기계설비,배전반 및 전기 자동제어반 제조업"
현대자동차고용디딤돌,
CJ프레시웨이,"기타 가공식품 도매업,백화점·유통·도소매,전자상거래 소매 중개업,인테리어·자재"
삼송,"자동차·조선·철강·항공,콘크리트 관 및 기타 구조용 콘크리트 제품 제조업,전자상거래 소매 중개업,생활용 유리ㆍ요업ㆍ목재ㆍ금속 제품 및 날붙이 도매업,그 외 기타 달리 분류되지 않은 운송장비 제조업,미장, 타일 및 방수 공사업,,기어 및 동력전달장치 제조업,일반 병원"
동국대학교 산학협력단,기타 전문 서비스업
모닝트리,
인천경제자유구역청,
경기중소기업종합지원센터,
마야마루출판사,출판·인쇄·사진
동부그룹 동부익스프레스,"일반 화물자동차 운송업,통관 대리 및 관련서비스업"
녹십자,"제약·보건·바이오,완제 의약품 제조업,물리, 화학 및 생물학 연구개발업,기타 건물 관련설비 설치 공사업,그 외 기타 분류 안된 전문, 과학 및 기술 서비스업"
보령바이오파마,의료용품 및 기타 의약 관련제품 제조업
LIG 넥스원,무기 및 총포탄 제조업
한국투자저축은행,"은행·금융,상호저축은행 및 기타 저축기관"
한국SMC공압,그 외 기타 기계 및 장비 도매업
SBS,"지상파 방송업,데이터베이스 및 온라인정보 제공업,스포츠·여가·레저"
한국금융연수원,레크리에이션 교육기관
한국수자원공사,"일반 목적용 기계 제조업,생활용수 공급업,건축물 일반 청소업,노동조합"
한화갤러리아,"백화점,음식료·외식·프랜차이즈"
경동나비엔,"정비·A/S·카센터,가정용 비전기식 조리 및 난방 기구 제조업,,건축·설비·환경,냉.난방장치 및 철물, 수공구 도매업"
세아로지스,
남양공업,
주식회사 GS칼텍스,
삼양식품,"면류, 마카로니 및 유사식품 제조업,서양식 음식점업"
농협자산관리회사,",은행·금융"
삼성 드림클래스,
HDC 신라면세점,면세점
버드뷰_화해,
현대커머셜,신용카드 및 할부금융업
한국국제협력단,"의료기기 도매업,외무 행정,기타 전문 서비스업"
한성자동차,"일반 화물자동차 운송업,중고 자동차 판매업,자동차 신품 판매업,자동차·조선·철강·항공"
한국소비자원,산업 단체
세아베스틸,"제강업,자동차·조선·철강·항공"
신세계백화점,",백화점·유통·도소매,음식료·외식·프랜차이즈"
대명리조트,"휴양콘도 운영업,호텔·여행·항공,"
롯데자산개발,비주거용 건물 개발 및 공급업
안전성평가연구소,"물리, 화학 및 생물학 연구개발업"
현대오트론,"전기·전자·제어,전기ㆍ전자공학 연구개발업"
세메스,반도체 제조용 기계 제조업
골든브릿지투자증권,
휴맥스해운항공,"화물운송 중개, 대리 및 관련 서비스업,물류·운송·배송"
하이트진로,"식품가공,소주 제조업,생수 생산업,포장용 유리용기 제조업,백화점·유통·도소매"
제일약품,완제 의약품 제조업
쏘테크,자동차·조선·철강·항공
국가보호관찰소,
다운정보통신,응용 소프트웨어 개발 및 공급업
한성대학교,"학교(초·중·고·대학·특수),,공공관계 서비스업"
서진캠,자동차 엔진용 신품 부품 제조업
희성소재,
노루페인트,"일반용 도료 및 관련제품 제조업,백화점·유통·도소매"
특허정보진흥센터,"공기업·공공기관,데이터베이스 및 온라인정보 제공업"
두산전자,"지주회사,전기·전자·제어,반도체·디스플레이·광학"
새마을금고중앙,"은행·금융,신용조합,그 외 기타 여신금융업"
LG C&S,"이동전화기 제조업,전기·전자·제어,반도체·디스플레이·광학"
위비스,"근무복, 작업복 및 유사의복 제조업"
대림디앤아이,주거용 건물 개발 및 공급업
파라다이스 세가사미,호텔업
현대로템,기관차 및 기타 철도차량 제조업
러그랜드,
GNG로텍스,
LG화학 인터십,
대교 소빅스,
LG,"상품 종합 중개업,이동전화기 제조업,무선 및 위성 통신업,통신.방송장비 및 부품 도매업,컴퓨터시스템 통합 자문 및 구축 서비스업,합성수지 및 기타 플라스틱 물질 제조업,전기·전자·제어"
동부쏘시오,
아이마켓코리아,상품 종합 도매업
한국 은행,"중앙은행,국내은행,제약·보건·바이오,은행·금융,그 외 기타 분류 안된 사업지원 서비스업,개발금융기관"
다이소,"그 외 기타 생활용품 도매업,"
스포카,컴퓨터시설 관리업
SK 실트론,"다이오드, 트랜지스터 및 유사 반도체소자 제조업"
한국오므론전장,
인천관광공사,"전시, 컨벤션 및 행사 대행업"
대한사회복지개발원,
라파스,제약·보건·바이오
NH농협은행,"생명 보험업,국내은행,은행·금융"
기업은행(IBK),국내은행
KB손해사정,손해 사정업
삼성 Display,"이동전화기 제조업,가전제품 및 부품 도매업,유기발광 표시장치 제조업,,반도체·디스플레이·광학"
INFINIQ,IT컨설팅
CJ올리브네트웍스,솔루션·SI·CRM·ERP
미래에셋대우,증권 중개업
삼성에스디에스,"컴퓨터 프로그래밍 서비스업,IT컨설팅,솔루션·SI·CRM·ERP"
케이티디에스,컴퓨터시스템 통합 자문 및 구축 서비스업
SK C&C,"그 외 기타 분류 안된 화학제품 제조업,화학·에너지·환경,기록매체 복제업,그 외 기타 전자부품 제조업,플라스틱물질 및 합성고무 도매업,증류기, 열교환기 및 가스발생기 제조업,통신.방송장비 및 부품 도매업,플라스틱 필름 제조업,석탄화학계 화합물 및 기타 기초 유기 화학물질 제조업"
에스케이실트론,"다이오드, 트랜지스터 및 유사 반도체소자 제조업"
삼성전자,"플라스틱 필름 제조업,인쇄업,이동전화기 제조업,쇼핑몰·오픈마켓·소셜커머스,컴퓨터 및 주변장치, 소프트웨어 도매업,백화점·유통·도소매,가전제품 및 부품 도매업"
국민연금공단,"기금 운영업,호텔·여행·항공"
한국자산관리공사,"기금 운영업,공기업·공공기관,임시 및 일용 인력 공급업"
앰코테크놀로지코리아,"경영 컨설팅업,,전기·전자·제어,메모리용 전자집적회로 제조업,적층, 합성 및 특수표면처리 종이 제조업"
한국농어촌공사,"그 외 기타 분류 안된 사업지원 서비스업,"
한국철도공사,"기타 음ㆍ식료품 위주 종합 소매업,승강기 제조업,음식료·외식·프랜차이즈,철도 여객 운송업"
신세계아이앤씨,컴퓨터시스템 통합 자문 및 구축 서비스업
한국투자증권,증권 중개업
라인플러스,"포털 및 기타 인터넷 정보매개 서비스업,생활용품·소비재·기타,,전자상거래 소매업,그 외 기타 가구 제조업"
네이버,"포털·컨텐츠·커뮤니티,포털 및 기타 인터넷 정보매개 서비스업,응용 소프트웨어 개발 및 공급업,데이터베이스 및 온라인정보 제공업,그 외 기타 정보 서비스업"
JYP엔터테인먼트,연예·엔터테인먼트
현대종합특수강,철강선 제조업
BGF리테일,"체인화 편의점,지주회사,백화점·유통·도소매"
텍사스인스트루먼트코리아,전기용 기계.장비 및 관련 기자재 도매업
SK하이닉스,"발광 다이오드 제조업,기타 반도체소자 제조업,,건축·설비·환경,반도체·디스플레이·광학,광고·홍보·전시"
에이에스엠엘코리아,"전기·전자·제어,공기업·공공기관,반도체·디스플레이·광학"
삼성화재서비스손해사정,손해 사정업
한국고용정보원,기타 사회서비스 관리 행정
한국주택금융공사,"공기업·공공기관,그 외 기타 분류 안된 금융업,그 외 기타 금융 지원 서비스업,콜센터·아웃소싱·기타"
하나금융티아이,"솔루션·SI·CRM·ERP,시스템 소프트웨어 개발 및 공급업"
오뚜기,"면류, 마카로니 및 유사식품 제조업,식물성 유지 제조업,음식료·외식·프랜차이즈,식품가공,조미료 도매업,커피 및 차류 도매업,"
SK E&S,"화학·에너지·환경,화력 발전업"
S-OIL,"원유 정제처리업,윤활유 및 그리스 제조업,백화점·유통·도소매"
한화큐셀코리아,합성수지 및 기타 플라스틱 물질 제조업
GS칼텍스,"원유 정제처리업,문화·공연·예술,정비·A/S·카센터,,무역·상사"
현대위아,"자동차용 신품 조향장치 및 현가 장치 제조업,,기계·기계설비"
팔도,"면류, 마카로니 및 유사식품 제조업,,식품가공,보험 대리 및 중개업,건물용 기계.장비 설치 공사업,쇼핑몰·오픈마켓·소셜커머스,천연 및 혼합조제 조미료 제조업,주류 도매업"
예금보험공사,기금 운영업
한솔로지스틱스,일반 창고업
현대종합금속,피복 및 충전 용접봉 제조업
유니드,"기타 기초 무기 화학물질 제조업,화학·에너지·환경,시각 디자인업,광고·홍보·전시,호텔·여행·항공,상용 인력 공급 및 인사관리 서비스업,응용 소프트웨어 개발 및 공급업"
진에어,항공 여객 운송업
GS리테일,"백화점·유통·도소매,체인화 편의점"
롯데지주,백화점·유통·도소매
LF,"남녀용 겉옷 및 셔츠 도매업,남자용 겉옷 제조업,다이오드, 트랜지스터 및 유사 반도체소자 제조업,백화점·유통·도소매"
롯데면세점,"호텔업,백화점·유통·도소매"
아이크래프트,네트워크·통신서비스
LG디스플레이,"이동전화기 제조업,전기·전자·제어,액정 표시장치 제조업,전자감지장치 제조업,물류·운송·배송"
경남은행,"은행·금융,국내은행"
테크로스워터앤에너지,
에이치씨에이에스 주식회사,백화점·유통·도소매
조인스중앙,솔루션·SI·CRM·ERP
삼양홀딩스,지주회사
자트코코리아엔지니어링,
경신홀딩스,"자동차용 신품 전기장치 제조업,지주회사"
평화발레오,"그 외 자동차용 신품 부품 제조업,기타 자동차 신품 부품 및 내장품 판매업"
장금상선,외항 화물 운송업
한진,"물류·운송·배송,그 외 기타 분류 안된 개인 서비스업,기타 도로화물 운송업,건설장비 운영업,의약품 도매업,,항공 여객 운송업,그 외 기타 분류 안된 사업지원 서비스업"
샘표식품,"지주회사,장류 제조업,백화점·유통·도소매,기타 가공식품 도매업"
서브원,"그 외 기타 상품 전문 도매업,고무 의류 및 기타 위생용 비경화 고무제품 제조업"
한국수자원공사,"일반 목적용 기계 제조업,생활용수 공급업,건축물 일반 청소업,노동조합"
KDB산업은행,은행·금융
교원,교과서 및 학습서적 출판업
화성도시공사,기타 부동산 개발 및 공급업
코레일네트웍스,기타 여행보조 및 예약 서비스업
CJ제일제당,"설탕 제조업,제약·보건·바이오,,기타 가공식품 도매업,조리 반찬류 소매업,백화점·유통·도소매,빵류, 과자류, 당류, 초콜릿 도매업"
한국전력공사,"화력 발전업,그 외 기타 전자부품 제조업,일반전기 공사업,컴퓨터·하드웨어·장비,기타 엔지니어링 서비스업,송전 및 배전업"
한국피앤지판매,화장품 및 화장용품 도매업
디에이치엘글로벌포워딩코리아,"화물운송 중개, 대리 및 관련 서비스업"
케이티앤지,"식품가공,생활용품·소비재·기타,담배 제조업,화학·에너지·환경,,기타 식품 첨가물 제조업,생활화학·화장품,호텔업"
SPC삼립,"빵류 제조업,그 외 기타 분류 안된 개인 서비스업"
대림산업,"지주회사,그 외 자동차용 신품 부품 제조업,합성수지 및 기타 플라스틱 물질 제조업,용달 화물자동차 운송업,"
샘표,"지주회사,장류 제조업,백화점·유통·도소매,기타 가공식품 도매업"
빙그레,아이스크림 및 기타 식용빙과류 제조업
CJ CGV,영화관 운영업
엘에스엠트론,"금속·재료·자재,기계·기계설비,공구 소매업,물류·운송·배송"
근로복지공단,"산업재해 및 기타 사회보장 보험업,,의료(병원분류별)"
대한항공,"항공 여객 운송업,백화점·유통·도소매,도시락류 제조업,신용조합"
KT,"유선 통신업,스포츠 클럽 운영업,네트워크·통신서비스,데이터베이스 및 온라인정보 제공업"
코오롱인더스트리,"합성섬유 제조업,,백화점·유통·도소매,섬유·의류·패션"
한화갤러리아,"백화점,음식료·외식·프랜차이즈"
세메스,반도체 제조용 기계 제조업
한화호텔앤드리조트,휴양콘도 운영업
하나투어,"전자상거래 소매 중개업,여행사업,호텔·여행·항공,호텔업"
퍼시스,"기타 목재가구 제조업,물류·운송·배송,사무용 가구 및 기기 도매업,가구 소매업,그 외 기타 분류 안된 개인 서비스업"
효성,"콜센터·아웃소싱·기타,콜센터 및 텔레마케팅 서비스업,사무용 기계 및 장비 제조업,자동차 신품 판매업,지주회사,토목시설물 건설업"
우리은행,"국내은행,,그 외 기타 금융 지원 서비스업"
선진,"그 외 기타 분류 안된 금속 가공 제품 제조업,가전제품 및 부품 도매업,기타 통신 판매업,일반전기 공사업,섬유·의류·패션,자동차·조선·철강·항공,사료 도매업,식품가공,육류 도매업,기타 목재가구 제조업"
E1,"기체연료 및 관련제품 도매업,금속 가구 제조업,경영 컨설팅업,산업용 냉장 및 냉동 장비 제조업,뉴스 제공업,배관 및 냉ㆍ난방 공사업,섬유·의류·패션,반도체·디스플레이·광학,의약품 도매업"
한국소방산업기술원,"기타 기술 시험, 검사 및 분석업"
캐논코리아비즈니스솔루션,사무용 기계 및 장비 제조업
오텍캐리어,"공기 조화장치 제조업,백화점·유통·도소매,산업용 냉장 및 냉동 장비 제조업"
로컬랩,"솔루션·SI·CRM·ERP,광고·홍보·전시,응용 소프트웨어 개발 및 공급업"
앤비젼,"기타 주변기기 제조업,반도체·디스플레이·광학,의약품 도매업,임시 및 일용 인력 공급업,생활용 섬유 및 실 도매업"
행복나래,"백화점·유통·도소매,사무용 가구 및 기기 도매업"
일진유니스코,유리 및 창호 공사업
한국남부발전,화력 발전업
한국가스공사,"연료용 가스 제조 및 배관공급업,,음식료·외식·프랜차이즈"
한국동서발전,화력 발전업
현대카드,"증권·보험·카드,은행·금융"
하나은행,"부동산 임대업,국내은행,,은행·금융"
한전원자력연료,기타 기초 무기 화학물질 제조업
기아자동차,"승용차 및 기타 여객용 자동차 제조업,자동차 신품 판매업,자동차 전문 수리업,자동차 수리 및 세차업,자동차 종합 수리업"
SK이노베이션,석유 정제품 제조업
코아비스,그 외 자동차용 신품 부품 제조업
LG화학,"합성수지 및 기타 플라스틱 물질 제조업,석탄화학계 화합물 및 기타 기초 유기 화학물질 제조업,,기계·기계설비,금속·재료·자재,백화점·유통·도소매,플라스틱물질 및 합성고무 도매업"
현대트랜시스,"자동차·조선·철강·항공,그 외 자동차용 신품 부품 제조업"
CJ프레시웨이,"기타 가공식품 도매업,백화점·유통·도소매,전자상거래 소매 중개업,인테리어·자재"
신한아이타스,그 외 기타 분류 안된 사업지원 서비스업
수산업협동조합중앙회,"신용조합,은행·금융,건축물 일반 청소업,음ㆍ식료품 및 담배 중개업,,신선, 냉동 및 기타 수산물 도매업"
이즈미디어,"전기·전자·제어,광고 대행업,서적, 신문 및 잡지류 소매업,게임·애니메이션"
넥슨네트웍스,"게임·애니메이션,데이터베이스 및 온라인정보 제공업,네트워크·통신서비스"
전력거래소,그 외 기타 분류 안된 사업지원 서비스업
바이오니아,"생물학적 제제 제조업,제약·보건·바이오"
롯데정밀화학,석탄화학계 화합물 및 기타 기초 유기 화학물질 제조업
한국부동산원,공기업·공공기관
오비맥주,"맥아 및 맥주 제조업,"
광동제약,"완제 의약품 제조업,전자상거래 소매 중개업,비알코올음료 도매업,,쇼핑몰·오픈마켓·소셜커머스,물류·운송·배송"
SK네트웍스,"상품 종합 도매업,렌탈·임대·리스,네트워크·통신서비스,통신장비 수리업,백화점·유통·도소매"
국민건강보험공단,"건강 보험업,일반 병원,노인 요양 복지시설 운영업,제약·보건·바이오,방문 복지서비스 제공업"
한국중부발전,"화학·에너지·환경,전기·전자·제어,공기업·공공기관"
엔테크서비스,"응용 소프트웨어 개발 및 공급업,포털·컨텐츠·커뮤니티"
한국니토옵티칼,
포스코,"자동차·조선·철강·항공,화력 발전업,컨설팅·연구·조사,제철업,사업시설 유지.관리 서비스업,기타 엔지니어링 서비스업,도금, 착색 및 기타 표면처리강재 제조업,통신.방송장비 및 부품 도매업"
한국지역난방공사,"증기, 냉.온수 및 공기조절 공급업,건물용 기계.장비 설치 공사업,배관 및 냉ㆍ난방 공사업,강관 제조업"
한국산업기술진흥원,"패션, 섬유류 및 기타 전문 디자인업,공기업·공공기관,기타 공학 연구개발업"
이베이코리아,"응용 소프트웨어 개발 및 공급업,컴퓨터 및 주변장치, 소프트웨어 도매업,,경영 컨설팅업,쇼핑몰·오픈마켓·소셜커머스,기타 전자부품 제조업,솔루션·SI·CRM·ERP,상품 종합 도매업"
한전KPS,"일반전기 공사업,공기업·공공기관,,건축·설비·환경"
예술의전당,"공연시설 운영업,커피 전문점,,음식료·외식·프랜차이즈"
차병원,"음식료·외식·프랜차이즈,커피 전문점,의료(병원분류별),,빵류 제조업"
엔아이티서비스,"솔루션·SI·CRM·ERP,시스템 소프트웨어 개발 및 공급업"
녹십자랩셀,"그 외 기타 분류 안된 전문, 과학 및 기술 서비스업"
대웅제약,"의약용 화합물 및 항생물질 제조업,금속 문, 창, 셔터 및 관련제품 제조업"
한솥,"경영 컨설팅업,기타 간이 음식점업,,한식 해산물요리 전문점,음식료·외식·프랜차이즈"
한국토지주택공사,"소방시설 공사업,기타 부동산 개발 및 공급업,공기업·공공기관,콘크리트 및 철근 공사업,건설·시공·토목·조경,"
한국공항공사,"공항 운영업,"
우리카드,"신용카드 및 할부금융업,은행·금융,일반 통신 공사업"
미래에셋생명보험,생명 보험업
티몬,"쇼핑몰·오픈마켓·소셜커머스,컨설팅·연구·조사,가전제품 및 부품 도매업,커피 및 차류 도매업,그 외 기타 가정용품 소매업,백화점·유통·도소매,영화, 비디오물 및 방송프로그램 제작업,화장품 및 화장용품 도매업"
GS홈쇼핑,"방송·케이블·프로덕션,유선 방송업,쇼핑몰·오픈마켓·소셜커머스,물류·운송·배송,백화점·유통·도소매"
우리홈쇼핑,
롯데마트,"백화점·유통·도소매,,음식료·외식·프랜차이즈,컴퓨터·하드웨어·장비,피자, 햄버거, 샌드위치 및 유사 음식점업"
아워홈,",음식료·외식·프랜차이즈,호텔·여행·항공,식품가공"
엘지헬로비전,유선 방송업
쿠팡,"쇼핑몰·오픈마켓·소셜커머스,기타 육상 운송지원 서비스업,전자상거래 소매업"
농협손해보험,손해 보험업
코웨이,그 외 기타 달리 분류되지 않은 개인 서비스업
바로크레디트대부,그 외 기타 여신금융업
동화세상에듀코,"온라인 교육 학원,학원·어학원·교육원,학습지·방문교육"
라이나생명보험,"생명 보험업,임시 및 일용 인력 공급업,증권·보험·카드"
고려신용정보,신용 조사 및 추심 대행업
케이비손해보험,손해 보험업
롯데쇼핑,"백화점,,부동산·중개·임대,주차장 운영업,백화점·유통·도소매"
KT IS,
오렌지라이프생명보험,"생명 보험업,증권·보험·카드"
모두투어네트워크,"여행사업,호텔·여행·항공,비주거용 건물 개발 및 공급업"
한국필립모리스,생활용품·소비재·기타
국립공원공단,"자연공원 운영업,"
쌍용자동차,"승용차 및 기타 여객용 자동차 제조업,자동차·조선·철강·항공,자동차 종합 수리업,,정비·A/S·카센터,자동차 신품 판매업,전자상거래 소매 중개업"
신용보증기금,"일반전기 공사업,전기·전자·제어,잡지 및 정기간행물 발행업,신문, 잡지 및 정기간행물 출판업,산업용 냉장 및 냉동 장비 제조업,보증 보험업"
농협경제지주,"지주회사,,식품가공,백화점·유통·도소매"
포스코O&M,사업시설 유지.관리 서비스업
삼성화재해상보험,손해 보험업
현대모비스,"그 외 자동차용 신품 부품 제조업,자동차용 전용 신품 부품 판매업,물류·운송·배송,그 외 기타 전자부품 제조업,무역·상사,자동차·조선·철강·항공,정비·A/S·카센터"
비씨카드,"은행·금융,신용카드 및 할부금융업"
SK텔레콤,"무선 및 위성 통신업,통신기기 소매업,백화점·유통·도소매,네트워크·통신서비스,통신.방송장비 및 부품 도매업"
현대케피코,"자동차 엔진용 신품 부품 제조업,음식료·외식·프랜차이즈"
현대오토에버,"솔루션·SI·CRM·ERP,응용 소프트웨어 개발 및 공급업,"
롯데IT테크,
한국단자공업,"전기회로 개폐, 보호장치 제조업"
비상교육,"교과서 및 학습서적 출판업,학습지·방문교육,학원·어학원·교육원,,일반 교과 학원"
재능이아카데미,자료 처리업
금호타이어,"타이어 및 튜브 제조업,정비·A/S·카센터,,자동차·조선·철강·항공,산업용 트럭, 승강기 및 물품취급장비 제조업"
녹십자홀딩스,지주회사
현대로템,기관차 및 기타 철도차량 제조업
한화건설,"화약 및 불꽃제품 제조업,건설·시공·토목·조경,도로 건설업"
한글과컴퓨터,"광고 대행업,컴퓨터 제조업,네트워크·통신서비스,응용 소프트웨어 개발 및 공급업,컴퓨터·하드웨어·장비,광고·홍보·전시,전자상거래 소매업"
넥슨코리아,"게임·애니메이션,컴퓨터·하드웨어·장비,기타 구조용 금속제품 제조업,모바일 게임 소프트웨어 개발 및 공급업,응용 소프트웨어 개발 및 공급업,그 외 기타 건축 마무리 공사업,유선 온라인 게임 소프트웨어 개발 및 공급업,생활화학·화장품"
현대파워텍,
한국환경공단,"공기업·공공기관,"
한국개발연구원,경제 및 경영학 연구개발업
이랜드파크,"휴양콘도 운영업,호텔·여행·항공,"
한국존슨앤드존슨,화장품 제조업
롯데슈퍼,"백화점·유통·도소매,콜센터·아웃소싱·기타,,슈퍼마켓"
대창,"주형 및 금형 제조업,자동차·조선·철강·항공,간판 및 광고물 제조업,포장용 플라스틱 성형용기 제조업,건설·시공·토목·조경,,배관 및 냉ㆍ난방 공사업,식품가공"
하나로티앤에스,"화물운송 중개, 대리 및 관련 서비스업"
주성엔지니어링,"시설물 유지관리 공사업,반도체 제조용 기계 제조업"
롯데손해보험,손해 보험업
현대제철,"제철업,스포츠·여가·레저,기계·기계설비,금속·재료·자재,건축·설비·환경"
한국조선해양,"자동차·조선·철강·항공,강선 건조업,그 외 기타 협회 및 단체,번역 및 통역 서비스업"
한국콜마홀딩스,"생활화학·화장품,제약·보건·바이오"
인천국제공항공사,"시설관리·보안·경비,호텔업,,음식료·외식·프랜차이즈,공항 운영업,호텔·여행·항공,사업시설 유지.관리 서비스업,침구 및 관련제품 제조업"
코스맥스비티아이,"지주회사,건강기능식품 제조업"
크래프톤,"게임·애니메이션,응용 소프트웨어 개발 및 공급업,,맥아 및 맥주 제조업"
유베이스,"콜센터·아웃소싱·기타,섬유·의류·패션,콜센터 및 텔레마케팅 서비스업,컴퓨터 및 주변장치, 소프트웨어 도매업,컴퓨터 및 주변 기기 수리업"
코오롱생명과학,완제 의약품 제조업
헤럴드,"출판·인쇄·사진,영화·음반·배급,상품 종합 도매업,신문 발행업,포털·컨텐츠·커뮤니티,학원·어학원·교육원,일반 교과 학원,외국어학원"
노크노크,"솔루션·SI·CRM·ERP,방송·케이블·프로덕션,그 외 자동차용 신품 부품 제조업,기타 건축용 나무제품 제조업,게임·애니메이션,음식료·외식·프랜차이즈,쇼핑몰·오픈마켓·소셜커머스,,전기·전자·제어,셔츠 및 블라우스 제조업"
케이아이엔엑스,네트워크·통신서비스
중소기업중앙회,"공기업·공공기관,협회·단체"
세스코,"제약·보건·바이오,소독, 구충 및 방제 서비스업,일반용 전기 조명장치 제조업,,광고·홍보·전시"
명인제약,완제 의약품 제조업
현대종합상사,"상품 종합 도매업,기타 자동차 신품 부품 및 내장품 판매업,백화점·유통·도소매"
현대그린푸드,"백화점,음식료·외식·프랜차이즈,백화점·유통·도소매"
한국에너지공단,기타 산업진흥 행정
한국보훈복지의료공단,"제약·보건·바이오,보건 및 복지 행정,공기업·공공기관"
LG전자,"상품 종합 중개업,이동전화기 제조업,전기·전자·제어,백화점·유통·도소매"
KCC,"건물 건설업,일반용 도료 및 관련제품 제조업,컴퓨터시스템 통합 자문 및 구축 서비스업,금속 문, 창, 셔터 및 관련제품 제조업,백화점·유통·도소매"
대한유화,합성수지 및 기타 플라스틱 물질 제조업
현대글로비스,"화물운송 중개, 대리 및 관련 서비스업,"
대우건설,아파트 건설업
SK가스,"화학·에너지·환경,기체연료 및 관련제품 도매업,화력 발전업,가정용 비전기식 조리 및 난방 기구 제조업"
현대백화점,"백화점,백화점·유통·도소매,,면세점"
대림,"상품 종합 도매업,그 외 자동차용 신품 부품 제조업,음식료·외식·프랜차이즈,주류 도매업,컴퓨터·하드웨어·장비,건물용 기계.장비 설치 공사업,기타 수산동물 가공 및 저장 처리업,종합 건설업,식품가공"
SBS,"지상파 방송업,데이터베이스 및 온라인정보 제공업,스포츠·여가·레저"
딜리버리히어로코리아유한책임회사,모바일·APP
웹젠,게임·애니메이션
유니원커뮤니케이션즈,광고·홍보·전시
구글코리아,"광고·홍보·전시,게임·애니메이션,솔루션·SI·CRM·ERP,섬유제품 제조업; 의복제외,포털·컨텐츠·커뮤니티"
메가존,"광고·홍보·전시,웹에이전시,컴퓨터시스템 통합 자문 및 구축 서비스업"
아이마켓코리아,상품 종합 도매업
아마존코퍼레이트서비시즈코리아,
레이티온인터내셔날코리아,
코리아오토글라스,"사업시설 유지.관리 서비스업,금속·재료·자재"
한샘,생활용 가구 도매업
동원F&B,"식품가공,낙농품 및 동.식물성 유지 도매업,쇼핑몰·오픈마켓·소셜커머스"
삼성바이오로직스,생물학적 제제 제조업
아이디스,"컴퓨터·하드웨어·장비,방송장비 제조업,전기식 진단 및 요법 기기 제조업,인테리어·자재,,1차 금속제품 도매업,남녀용 겉옷 및 셔츠 도매업,기타 전문 서비스업,그 외 기타 개인 및 가정용품 수리업"
한화에어로스페이스,항공기용 부품 제조업
에이치케이이노엔,완제 의약품 제조업
더존비즈온,컴퓨터 프로그래밍 서비스업
한컴,"광고 대행업,컴퓨터 제조업,네트워크·통신서비스,응용 소프트웨어 개발 및 공급업,컴퓨터·하드웨어·장비,광고·홍보·전시,전자상거래 소매업"
CJ대한통운,"물류·운송·배송,도로 화물 운송업,건설·시공·토목·조경"
엔에이치엔,"솔루션·SI·CRM·ERP,포털·컨텐츠·커뮤니티,광고·홍보·전시,유선 온라인 게임 소프트웨어 개발 및 공급업"
한국증권금융,"은행·금융,그 외 기타 금융 지원 서비스업,사업시설 유지.관리 서비스업"
엘에스전선,"기타 절연선 및 케이블 제조업,전기·전자·제어,컴퓨터 및 주변장치, 소프트웨어 도매업"
태광실업,"섬유·의류·패션,기타 신발 제조업,소독, 구충 및 방제 서비스업,,화학섬유 방적업,플라스틱 합성피혁 제조업"
매일유업,"액상시유 및 기타 낙농제품 제조업,낙농품 및 동.식물성 유지 도매업,,음료 소매업,쇼핑몰·오픈마켓·소셜커머스"
한화글로벌에셋,
농심,"면류, 마카로니 및 유사식품 제조업,백화점·유통·도소매,호텔업,곡물 제분업,골프장 운영업"
SPC,"백화점·유통·도소매,음식료·외식·프랜차이즈,기타 가공식품 도매업,사업시설 유지.관리 서비스업,빵류 제조업,합성수지 및 기타 플라스틱 물질 제조업"
서울시설공단,"사업시설 유지.관리 서비스업,정부기관 일반 보조 행정,그 외 기타 협회 및 단체,그 외 기타 분류 안된 전문, 과학 및 기술 서비스업"
여천엔씨씨,석유화학계 기초 화학물질 제조업
아시아나항공,"항공 여객 운송업,기타 항공 운송지원 서비스업,"
NS홈쇼핑,"기타 통신 판매업,백화점·유통·도소매,기타 가공식품 도매업,쇼핑몰·오픈마켓·소셜커머스,산업용 농.축산물, 섬유 원료 및 동물 중개업"
코리아세븐,"백화점·유통·도소매,체인화 편의점,기타 반도체소자 제조업,그 외 자동차용 신품 부품 제조업,상품 종합 도매업,,생활화학·화장품"
SK텔링크,"유선 통신업,통신.방송장비 및 부품 도매업"
CJ ENM,"음식료·외식·프랜차이즈,방송·케이블·프로덕션,기타 통신 판매업,문화·공연·예술"
대한적십자사,"그 외 기타 보건업,"
성주그룹,핸드백 및 지갑 제조업
중소기업은행,"국내은행,은행·금융,노동조합"
롯데관광,"호텔업,백화점,,호텔·여행·항공"
에이블씨엔씨,화장품 제조업
현대리바트,"기타 목재가구 제조업,,인테리어·자재,디자인·CAD,백화점·유통·도소매,생활용 가구 도매업"
보령제약,"완제 의약품 제조업,쇼핑몰·오픈마켓·소셜커머스"
한국무역보험공사,기타 보험 및 연금관련 서비스업
메리츠종합금융증권,"신용카드 및 할부금융업,손해 보험업,경영 컨설팅업"
유라코퍼레이션,그 외 자동차용 신품 부품 제조업
미래엔,"경영 컨설팅업,교과서 및 학습서적 출판업,출판·인쇄·사진,낙농품 및 동.식물성 유지 도매업,컴퓨터시스템 통합 자문 및 구축 서비스업,컴퓨터 및 주변장치, 소프트웨어 도매업,응용 소프트웨어 개발 및 공급업,포장 공사업,배관 및 냉ㆍ난방 공사업,그 외 기타 건축자재 도매업"
오리온,"식품가공,과자류 및 코코아 제품 제조업,유기발광 표시장치 제조업,지주회사,전기용 기계.장비 및 관련 기자재 도매업,생활용품·소비재·기타,투자 자문업 및 투자 일임업,시멘트 제조업"
한살림소비자생활협동조합연합회,식품가공
엘지엔시스,
한국가스안전공사,공기업·공공기관
제주국제자유도시개발센터,그 외 기타 분류 안된 사업지원 서비스업
새마을금고중앙회,"신용조합,국내은행,금융리스업"
해태제과식품,"음식료·외식·프랜차이즈,과자류 및 코코아 제품 제조업,식품가공,물류·운송·배송,백화점·유통·도소매,"
신한금융투자,증권 중개업
동아에스티,"완제 의약품 제조업,1차 금속제품 도매업"
한국산업기술평가관리원,기타 공학 연구개발업
아시아나IDT,컴퓨터시스템 통합 자문 및 구축 서비스업
현대자동차,"승용차 및 기타 여객용 자동차 제조업,자동차 신품 판매업,자동차 전문 수리업,자동차 종합 수리업,"
삼성물산,"건축·설비·환경,직물 도매업,,건설·시공·토목·조경"
나이스평가정보,"데이터베이스 및 온라인정보 제공업,은행·금융"
롯데카드,"신용카드 및 할부금융업,임시 및 일용 인력 공급업,증권·보험·카드"
한국후지제록스,"사무용 가구 및 기기 도매업,사무용 기계 및 장비 제조업,컴퓨터·하드웨어·장비"
판토스,"화물운송 중개, 대리 및 관련 서비스업,물류·운송·배송,"
넷마블,"유선 온라인 게임 소프트웨어 개발 및 공급업,게임·애니메이션"
이노션,"광고 대행업,의료기기 도매업,도장 및 기타 피막처리업,광고·홍보·전시,골재, 벽돌 및 시멘트 도매업,건설·시공·토목·조경,사무용 가구 및 기기 도매업,부동산·중개·임대"
롯데자산개발,비주거용 건물 개발 및 공급업
한신공영,건물 건설업
한국수력원자력,"공기업·공공기관,원자력 발전업,"
DB하이텍,비메모리용 및 기타 전자집적회로 제조업
도로교통공단,"공기업·공공기관,"
한국서부발전,화력 발전업
현대힘스,선박 구성 부분품 제조업
호텔신라,"호텔·여행·항공,면세점,호텔업"
이비카드,그 외 기타 금융 지원 서비스업
효성트랜스월드,물류·운송·배송
대교,"방문 교육 학원,지주회사,학습지·방문교육,"
IBK캐피탈,그 외 기타 여신금융업
현대해상화재보험,"손해 보험업,응용 소프트웨어 개발 및 공급업,콜센터·아웃소싱·기타,보험 대리 및 중개업,"
대원제약,완제 의약품 제조업
한국타이어앤테크놀로지,타이어 및 튜브 제조업
대성에너지,"배관 및 냉ㆍ난방 공사업,건물용 기계.장비 설치 공사업,물류·운송·배송,일반 통신 공사업,철물 및 난방용구 소매업,전동기 및 발전기 제조업,연료용 가스 제조 및 배관공급업,유압기기 제조업,산업용 냉장 및 냉동 장비 제조업"
쌍용양회공업,"시멘트 제조업,"
KB손해사정,손해 사정업
DB자동차보험손해사정,손해 사정업
LG생활건강,"화장품 제조업,그 외 기타 생활용품 도매업,뷰티·미용,디자인·CAD"
한국남동발전,화력 발전업
삼성생명보험,"생명 보험업,은행·금융,,증권·보험·카드"
신한은행,"국내은행,상호저축은행 및 기타 저축기관,은행·금융,솔루션·SI·CRM·ERP,협회·단체"
신성통상,"직물 도매업,백화점·유통·도소매,남녀용 겉옷 및 셔츠 도매업"
글로벌세아,
SK,"화학·에너지·환경,자동차 임대업,상품 종합 도매업,제약·보건·바이오,기타 무선 통신장비 제조업,렌탈·임대·리스,포털·컨텐츠·커뮤니티,네트워크·통신서비스"
녹십자,"제약·보건·바이오,완제 의약품 제조업,물리, 화학 및 생물학 연구개발업,기타 건물 관련설비 설치 공사업,그 외 기타 분류 안된 전문, 과학 및 기술 서비스업"
두산중공업,기타 기관 및 터빈 제조업
SKC,"그 외 기타 분류 안된 화학제품 제조업,화학·에너지·환경,기록매체 복제업,그 외 기타 전자부품 제조업,플라스틱물질 및 합성고무 도매업,통신.방송장비 및 부품 도매업,플라스틱 필름 제조업,석탄화학계 화합물 및 기타 기초 유기 화학물질 제조업"
농협은행,"국내은행,은행·금융"
싸이버로지텍,솔루션·SI·CRM·ERP
LG 이노텍,"그 외 기타 전자부품 제조업,"
엘아이지넥스원,무기 및 총포탄 제조업
대한제강,제강업
신한카드,"신용카드 및 할부금융업,은행·금융,증권·보험·카드,협회·단체"
서울반도체,"다이오드, 트랜지스터 및 유사 반도체소자 제조업"
두산인프라코어,"물류·운송·배송,건설 및 채광용 기계장비 제조업,그 외 기타 전기장비 제조업"
한화토탈,"석유화학계 기초 화학물질 제조업,콜센터·아웃소싱·기타,액체연료 및 관련제품 도매업,무역·상사"
현대오트론,"전기·전자·제어,전기ㆍ전자공학 연구개발업"
SK브로드밴드,"기타 통신 판매업,전기 통신업,가전제품, 통신장비 및 부품 도매업,네트워크·통신서비스"
이랜드,"단독 주택 건설업,근무복, 작업복 및 유사의복 제조업,백화점,비주거용 건물 개발 및 공급업,쇼핑몰·오픈마켓·소셜커머스,휴양콘도 운영업,기타 비알코올 음료 제조업,그 외 기타 협회 및 단체"
농협하나로유통,"생활용 유리ㆍ요업ㆍ목재ㆍ금속 제품 및 날붙이 도매업,계약배달 판매업,상품 종합 중개업,백화점·유통·도소매,생활용품·소비재·기타,물류·운송·배송,과실류 도매업,"
경기농식품유통진흥원,기타 가공식품 도매업
농업기술실용화재단,산업 단체
KB국민카드,"은행·금융,고용 알선업,신용카드 및 할부금융업,증권·보험·카드,"
국민은행,"국내은행,상호저축은행 및 기타 저축기관,은행·금융,"
농업협동조합중앙회,"생명 보험업,채소류, 서류 및 향신작물류 도매업,국내은행,식품가공,공기업·공공기관,은행·금융"
네패스,"다이오드, 트랜지스터 및 유사 반도체소자 제조업,그 외 기타 분류 안된 전문, 과학 및 기술 서비스업,건설·시공·토목·조경,합성수지 및 기타 플라스틱 물질 제조업,건물 건설업"
SFA반도체,"발광 다이오드 제조업,반도체·디스플레이·광학"
태광산업,"근무복, 작업복 및 유사의복 제조업,포장 공사업,,그 외 자동차용 신품 부품 제조업,합성섬유 제조업,산업용 냉장 및 냉동 장비 제조업,기계·기계설비,기타 인쇄업,선박 구성 부분품 제조업"
계룡건설산업,종합 건설업
이랜드건설,"단독 주택 건설업,부동산·중개·임대"
삼성증권,"증권 중개업,광고·홍보·전시"
하이프라자,가전제품 및 부품 도매업
CJ푸드빌,서양식 음식점업
이랜드리테일,"백화점,"
현대건설,종합 건설업
한국정보통신,"통신장비 수리업,내부 통신배선 공사업,전기·전자·제어,네트워크·통신서비스,상품 종합 도매업,방송장비 제조업,그 외 기타 전기 통신업,응용 소프트웨어 개발 및 공급업,운송장비용 조명장치 제조업"
코오롱글로벌,"토목시설물 건설업,건설·시공·토목·조경,자동차·조선·철강·항공,,스포츠·여가·레저"
SK건설,"토목시설물 건설업,그 외 기타 분류 안된 사업지원 서비스업"
롯데칠성음료,"물류·운송·배송,기타 비알코올 음료 제조업,,비알코올음료 도매업,생활용품·소비재·기타"
대림씨엔에스,
풀무원식품,"그 외 기타 식료품 제조업,기타 가공식품 도매업,건강기능식품 제조업"
팜스코,"식품가공,배합 사료 제조업,사료 도매업,기타 교육지원 서비스업"
인터파크,"백화점·유통·도소매,전자상거래 소매 중개업,쇼핑몰·오픈마켓·소셜커머스,렌탈·임대·리스,공연시설 운영업,학원·어학원·교육원,교육관련 자문 및 평가업,물류·운송·배송"
콘티넨탈오토모티브일렉트로닉스,그 외 자동차용 신품 부품 제조업
한국항공우주산업,"기계·기계설비,항공기용 부품 제조업,기타 공학 연구개발업,자동차·조선·철강·항공"
대구은행,국내은행
대상,"식품가공,전분제품 및 당류 제조업,응용 소프트웨어 개발 및 공급업,건축물 일반 청소업"
롯데푸드,"아이스크림 및 기타 식용빙과류 제조업,음식료·외식·프랜차이즈,육류 도매업,상품 종합 도매업,백화점·유통·도소매"
한국마사회,"공기업·공공기관,사업시설 유지.관리 서비스업,음식료·외식·프랜차이즈"
코오롱플라스틱,
성우하이텍,"자동차 차체용 신품 부품 제조업,배전반 및 전기 자동제어반 제조업,자동차·조선·철강·항공"
홈플러스,"백화점·유통·도소매,대형 마트,,음식료·외식·프랜차이즈"
대림자동차공업,
현대엔지니어링,"건설·시공·토목·조경,건물 및 토목 엔지니어링 서비스업,육상 금속 골조 구조재 제조업,기계·기계설비,그 외 기타 일반목적용 기계 제조업"
삼성중공업,"강선 건조업,자동차·조선·철강·항공,기계 및 장비 중개업,,음식료·외식·프랜차이즈"
SK디스커버리,지주회사
풍산,"동 압연, 압출 및 연신제품 제조업,기타 건축용 나무제품 제조업,토목시설물 건설업,변압기 제조업,동물용 의약품 제조업,조경 건설업,생활용품·소비재·기타,화학·에너지·환경"
고려아연,"연 및 아연 제련, 정련 및 합금 제조업,금속·재료·자재"
포스코에너지,화력 발전업
한화생명보험,생명 보험업
네이버웹툰,"데이터베이스 및 온라인정보 제공업,자료 처리업"
효성TNS,
제일파마홀딩스,완제 의약품 제조업
정림건축,"건축설계 및 관련 서비스업,경영 컨설팅업,건설·시공·토목·조경"
인프라웨어,"솔루션·SI·CRM·ERP,응용 소프트웨어 개발 및 공급업,"
(재)에너지경제연구원,공기업·공공기관
경동제약,"제약·보건·바이오,완제 의약품 제조업"
실크로드시앤티,화학·에너지·환경
삼성카드,"신용카드 및 할부금융업,은행·금융"
이랜드월드,"근무복, 작업복 및 유사의복 제조업,쇼핑몰·오픈마켓·소셜커머스,섬유·의류·패션,,백화점·유통·도소매"
이스타항공,항공 여객 운송업
현대오일뱅크,"액체연료 및 관련제품 도매업,원유 정제처리업,화학·에너지·환경,위험물품 보관업,백화점·유통·도소매"
튼튼영어,"일반 서적 출판업,서적, 잡지 및 기타 인쇄물 도매업,서적, 신문 및 잡지류 소매업,학습지·방문교육,생활용 포장ㆍ위생용품, 문구용품 및 출판 인쇄물 도매업"
카카오게임즈,게임·애니메이션
에스아이티,"응용 소프트웨어 개발 및 공급업,그 외 자동차용 신품 부품 제조업,기계·기계설비,그 외 기타 일반목적용 기계 제조업,금속·재료·자재,산업처리공정 제어장비 제조업,쇼핑몰·오픈마켓·소셜커머스,전기·전자·제어,전자상거래 소매 중개업,배전반 및 전기 자동제어반 제조업"
스마트스터디,"모바일 게임 소프트웨어 개발 및 공급업,"
나래에너지서비스,"화학·에너지·환경,증기, 냉.온수 및 공기조절 공급업"
인천공항에너지,화력 발전업
위메프,"쇼핑몰·오픈마켓·소셜커머스,가전제품 및 부품 도매업,그 외 기타 가정용품 소매업,백화점·유통·도소매,화장품 및 화장용품 도매업"
에스쁘아,화장품 및 화장용품 도매업
동아일보사,"신문 발행업,신문·잡지·언론사,방송·케이블·프로덕션"
한국장애인고용공단,"협회·단체,그 외 기타 비거주 복지 서비스업,"
강원도개발공사,휴양콘도 운영업
한국도로공사,"그 외 기타 플라스틱 제품 제조업,도로 건설업,교량, 터널 및 철도 건설업,시스템 소프트웨어 개발 및 공급업,건설·시공·토목·조경,도로 및 관련시설 운영업,비주거용 부동산 관리업,그 외 기타 스포츠 서비스업"
한국교직원공제회,개인 공제업
KOTITI시험연구원,"기타 기술 시험, 검사 및 분석업"
공무원연금공단,"기금 운영업,쇼핑몰·오픈마켓·소셜커머스"
미래나노텍,"플라스틱 적층, 도포 및 기타 표면처리 제품 제조업,광학렌즈 및 광학요소 제조업,가전제품 및 부품 도매업"
(사)한국화재보험협회,
강원신용보증재단,보증 보험업
한국미니스톱,"음식료·외식·프랜차이즈,체인화 편의점,"
인바디,"제약·보건·바이오,그 외 기타 의료용 기기 제조업,시스템 소프트웨어 개발 및 공급업,의료기기 도매업,광고 대행업"
삼표,"금속·재료·자재,건설·시공·토목·조경,,레미콘 제조업,운송장비용 주유소 운영업,콘크리트 관 및 기타 구조용 콘크리트 제품 제조업,철도궤도 전문공사업"
한국야쿠르트,"액상시유 및 기타 낙농제품 제조업,가공식품 도매업,"
롯데케미칼,"석유화학계 기초 화학물질 제조업,인테리어·자재"
아발론교육,"외국어학원,학원·어학원·교육원,일반 교과 학원,일반 교습 학원,전자상거래 소매 중개업"
한국석유공사,공기업·공공기관
